 ISM-V2
         468         867         400           1
  -7.6989228120896647E-002 -0.46360430277597575        0.0000000000000000     
  -3.8704617243784101E-002 -0.46103399298802544        0.0000000000000000     
   3.4991758476649629E-012 -0.45997930943466353        0.0000000000000000     
   3.8704617247892321E-002 -0.45962100399385114        0.0000000000000000     
   7.6989228121591383E-002 -0.45954278392337750        0.0000000000000000     
  -7.7068000215135060E-002 -0.42768211472504447        0.0000000000000000     
  -3.8742414758285930E-002 -0.42231225586558085        0.0000000000000000     
   9.8251875420319350E-013 -0.42023354936785928        0.0000000000000000     
   3.8742414759732537E-002 -0.41961528345673282        0.0000000000000000     
   7.7068000215685606E-002 -0.41948711124840649        0.0000000000000000     
  -7.7282520683342848E-002 -0.39063285208976151        0.0000000000000000     
  -3.8941633727366635E-002 -0.38337635925149444        0.0000000000000000     
   1.4272125382874576E-012 -0.38061218633826627        0.0000000000000000     
   3.8941633729855561E-002 -0.37986058319498006        0.0000000000000000     
   7.7282520684799572E-002 -0.37974282553351357        0.0000000000000000     
  -7.7418623318355945E-002 -0.35086813944615258        0.0000000000000000     
  -3.9071296636860341E-002 -0.34377531290565677        0.0000000000000000     
   4.9555215066111123E-011 -0.34084588144642181        0.0000000000000000     
   3.9071296726195699E-002 -0.34005892144846217        0.0000000000000000     
   7.7418623373978923E-002 -0.33994416960305729        0.0000000000000000     
  -7.7462397742043748E-002 -0.31025989701508550        0.0000000000000000     
  -3.9113818868698150E-002 -0.30374246593553206        0.0000000000000000     
   1.3092946430127189E-009 -0.30090691552320892        0.0000000000000000     
   3.9113821303716038E-002 -0.30013221197699175        0.0000000000000000     
   7.7462399341038754E-002 -0.30000297420407818        0.0000000000000000     
  -7.7471613077032098E-002 -0.27014395398634605        0.0000000000000000     
  -3.9122892318568248E-002 -0.26366748584858046        0.0000000000000000     
   2.2824958251010873E-008 -0.26090151889084223        0.0000000000000000     
   3.9122937193151582E-002 -0.26014599100154751        0.0000000000000000     
   7.7471645154284133E-002 -0.26001513411844740        0.0000000000000000     
  -7.7481769808375137E-002 -0.23006904219455493        0.0000000000000000     
  -3.9132794197079553E-002 -0.22359947790265577        0.0000000000000000     
   2.6148611646672234E-007 -0.22088153704880512        0.0000000000000000     
   3.9133363976123707E-002 -0.22015353537398683        0.0000000000000000     
   7.7482234041099621E-002 -0.22002478707169529        0.0000000000000000     
 -0.51483502138054482      -0.19170902105112975        0.0000000000000000     
 -0.47121572135852291      -0.18142194690645536        0.0000000000000000     
 -0.42993980550224964      -0.17820226790726551        0.0000000000000000     
 -0.38985275192177754      -0.17754639464683278        0.0000000000000000     
 -0.34988245575903409      -0.17746445802913699        0.0000000000000000     
 -0.31001476347737950      -0.17740478533670292        0.0000000000000000     
 -0.27075263489330909      -0.17704530587396664        0.0000000000000000     
 -0.23310208647120995      -0.17554628003995623        0.0000000000000000     
 -0.19671774361672775      -0.17217823718443392        0.0000000000000000     
  -7.7534263228082587E-002 -0.18969021928889429        0.0000000000000000     
  -3.9182560690377996E-002 -0.18333217392720891        0.0000000000000000     
   1.8932674381397460E-006 -0.18084355586377013        0.0000000000000000     
   3.9187634100831127E-002 -0.18019729019037833        0.0000000000000000     
   7.7539298758130010E-002 -0.18006945440489056        0.0000000000000000     
  0.20039986159141251      -0.17702756701400826        0.0000000000000000     
  0.24044990003076169      -0.17711080731061873        0.0000000000000000     
  0.28022681040403552      -0.17730527742551080        0.0000000000000000     
  0.32005503128481150      -0.17742319106350538        0.0000000000000000     
  0.36000571435110335      -0.17745629085380879        0.0000000000000000     
  0.39997845793588432      -0.17744234685793409        0.0000000000000000     
  0.43991760794886092      -0.17737378870361414        0.0000000000000000     
  0.47983405851483718      -0.17726397627124363        0.0000000000000000     
  0.51984137683873599      -0.17726906898021058        0.0000000000000000     
 -0.51804783595831994      -0.15945637311241165        0.0000000000000000     
 -0.47681172202679478      -0.14498362355047092        0.0000000000000000     
 -0.43636829388499898      -0.14026850538618088        0.0000000000000000     
 -0.39631954257498547      -0.13923002925767050        0.0000000000000000     
 -0.35635585531267605      -0.13909006871267482        0.0000000000000000     
 -0.31648805169477218      -0.13903371036130532        0.0000000000000000     
 -0.27711695228686872      -0.13869057184824798        0.0000000000000000     
 -0.23937618461355495      -0.13693996557536670        0.0000000000000000     
 -0.20356424210971472      -0.12905232800272021        0.0000000000000000     
  -7.7723845815020232E-002 -0.14737849479896040        0.0000000000000000     
  -3.9350092207116931E-002 -0.14266043968835737        0.0000000000000000     
   7.3036303966410900E-006 -0.14080027849204582        0.0000000000000000     
   3.9381823059319032E-002 -0.14033773985141745        0.0000000000000000     
   7.7767120839611417E-002 -0.14021195959767141        0.0000000000000000     
  0.20018187221559786      -0.13880580034420917        0.0000000000000000     
  0.24021045769394625      -0.13884000143272959        0.0000000000000000     
  0.28012092054889881      -0.13897286236992637        0.0000000000000000     
  0.32003859764124531      -0.13905374863667819        0.0000000000000000     
  0.36000298953832316      -0.13907556121626036        0.0000000000000000     
  0.39997433296436097      -0.13905664286352740        0.0000000000000000     
  0.43990819342289744      -0.13898177731535499        0.0000000000000000     
  0.47982239160502071      -0.13887535873923948        0.0000000000000000     
  0.51983405977212960      -0.13895562514169363        0.0000000000000000     
 -0.51944898468339207      -0.11554599209802208        0.0000000000000000     
 -0.47914032520767047      -0.10526455615805874        0.0000000000000000     
 -0.43906631976200644      -0.10101563423835387        0.0000000000000000     
 -0.39908150192538400       -9.9950422337149861E-002   0.0000000000000000     
 -0.35910319765690896       -9.9793212741902448E-002   0.0000000000000000     
 -0.31915443385359094       -9.9799556389206498E-002   0.0000000000000000     
 -0.27945662176169300       -9.9871044823784338E-002   0.0000000000000000     
 -0.24106209981167839      -0.10006455031375050        0.0000000000000000     
 -0.21193534129747643      -0.10028975025114378        0.0000000000000000     
  -7.8193900607204242E-002 -0.10351480985799863        0.0000000000000000     
  -3.9671717668041645E-002 -0.10176716326970044        0.0000000000000000     
   1.6260196088868118E-005 -0.10075791093334698        0.0000000000000000     
   3.9765640064855778E-002 -0.10055072132203720        0.0000000000000000     
   7.8533466098100482E-002 -0.10049217672955432        0.0000000000000000     
  0.19968410143350271      -0.10003457836800460        0.0000000000000000     
  0.23976444350773052       -9.9962457183920078E-002   0.0000000000000000     
  0.27990146125011944       -9.9858707899691798E-002   0.0000000000000000     
  0.31997690704265230       -9.9795475772066058E-002   0.0000000000000000     
  0.35999429456321674       -9.9774826512534859E-002   0.0000000000000000     
  0.39998371148087886       -9.9758023487962658E-002   0.0000000000000000     
  0.43994909422016326       -9.9717846260399215E-002   0.0000000000000000     
  0.47990811144552192       -9.9672221787543425E-002   0.0000000000000000     
  0.51991753225407611       -9.9741680681293632E-002   0.0000000000000000     
 -0.51988886854983496       -7.1016219802454650E-002   0.0000000000000000     
 -0.47983390219437561       -6.4319724048690852E-002   0.0000000000000000     
 -0.43983114898975573       -6.1048957073210189E-002   0.0000000000000000     
 -0.39984337346510557       -6.0135349430958863E-002   0.0000000000000000     
 -0.35984679051138491       -5.9990402237218257E-002   0.0000000000000000     
 -0.31982650341040242       -6.0049856913538188E-002   0.0000000000000000     
 -0.27975684284015856       -6.0464373586649703E-002   0.0000000000000000     
 -0.23944256608121087       -6.2293494740539072E-002   0.0000000000000000     
 -0.19311513447663858       -7.1099426773250887E-002   0.0000000000000000     
 -0.15029595560709996       -6.2488444664830001E-002   0.0000000000000000     
 -0.11550157565124544       -6.1220183205009458E-002   0.0000000000000000     
  -7.8977157229093667E-002  -6.1287916180689475E-002   0.0000000000000000     
  -4.0013748475189112E-002  -6.1018973406055547E-002   0.0000000000000000     
   2.2545154445037954E-005  -6.0625510020736906E-002   0.0000000000000000     
   4.0158419881458698E-002  -6.0614988226635656E-002   0.0000000000000000     
   7.9672689824069956E-002  -6.0676700837444024E-002   0.0000000000000000     
  0.11905467836977097       -6.0591109083001055E-002   0.0000000000000000     
  0.15908845957955298       -6.0555042934355596E-002   0.0000000000000000     
  0.19928634514276999       -6.0564890486307338E-002   0.0000000000000000     
  0.23946013946052444       -6.0408687202123487E-002   0.0000000000000000     
  0.27974968860425709       -6.0164014878869396E-002   0.0000000000000000     
  0.31993081249292160       -6.0015831290141639E-002   0.0000000000000000     
  0.35998732296900854       -5.9970115248409672E-002   0.0000000000000000     
  0.39999303306955764       -5.9957780476583761E-002   0.0000000000000000     
  0.43998373146343117       -5.9945281495125097E-002   0.0000000000000000     
  0.47997335412323450       -5.9935225762968405E-002   0.0000000000000000     
  0.51997739315744229       -5.9950991208206302E-002   0.0000000000000000     
 -0.51998423438318397       -3.0263534769984009E-002   0.0000000000000000     
 -0.47997717365403730       -2.3783990563173027E-002   0.0000000000000000     
 -0.43997828105014719       -2.0949604985660095E-002   0.0000000000000000     
 -0.39998077311982794       -2.0153672076881089E-002   0.0000000000000000     
 -0.35997416763807766       -2.0021999274570691E-002   0.0000000000000000     
 -0.31992152324270812       -2.0073996404873649E-002   0.0000000000000000     
 -0.27968767198027061       -2.0417411622187541E-002   0.0000000000000000     
 -0.23878538073746908       -2.1566491946206322E-002   0.0000000000000000     
 -0.19735693713666891       -2.2398333058212417E-002   0.0000000000000000     
 -0.15702708560351206       -2.1556843055974443E-002   0.0000000000000000     
 -0.11834906962275915       -2.0630562348902020E-002   0.0000000000000000     
  -7.9759727743295636E-002  -2.0504311818442644E-002   0.0000000000000000     
  -4.0208650670165859E-002  -2.0410311374031594E-002   0.0000000000000000     
   2.0607454653007213E-005  -2.0300026630240421E-002   0.0000000000000000     
   4.0334616086072916E-002  -2.0326936761117409E-002   0.0000000000000000     
   8.0310178709549457E-002  -2.0400472762270420E-002   0.0000000000000000     
  0.11989973580252414       -2.0411057178782332E-002   0.0000000000000000     
  0.15942853809980517       -2.0408498259787241E-002   0.0000000000000000     
  0.19924563167950796       -2.0387147750944704E-002   0.0000000000000000     
  0.23941734124173958       -2.0272334009097639E-002   0.0000000000000000     
  0.27971952623922586       -2.0119435340015427E-002   0.0000000000000000     
  0.31991743058784100       -2.0028658860100260E-002   0.0000000000000000     
  0.35998484823150717       -2.0000849539334266E-002   0.0000000000000000     
  0.39999708899075964       -1.9995210555719012E-002   0.0000000000000000     
  0.43999680508936329       -1.9992779824175324E-002   0.0000000000000000     
  0.47999539437275718       -1.9991373469420985E-002   0.0000000000000000     
  0.51999631159737580       -1.9993623044029300E-002   0.0000000000000000     
 -0.51999762999914434        9.8619444868308665E-003   0.0000000000000000     
 -0.47999691732404942        1.6335461005483172E-002   0.0000000000000000     
 -0.43999769950625478        1.9097008104528548E-002   0.0000000000000000     
 -0.39999780260599982        1.9852216922624188E-002   0.0000000000000000     
 -0.35998820410625870        1.9982134646750825E-002   0.0000000000000000     
 -0.31992569395216919        1.9979821444877630E-002   0.0000000000000000     
 -0.27969214449502205        1.9908439789119433E-002   0.0000000000000000     
 -0.23926443058631822        1.9873984654188031E-002   0.0000000000000000     
 -0.19898244299021117        2.0218400503466526E-002   0.0000000000000000     
 -0.15913758009876947        2.0690590321507114E-002   0.0000000000000000     
 -0.11960625408930239        2.0630554873243473E-002   0.0000000000000000     
  -8.0090725836244103E-002   2.0285445835610094E-002   0.0000000000000000     
  -4.0239426402407151E-002   2.0125461993559541E-002   0.0000000000000000     
   1.3297168534943710E-005   2.0136357507682813E-002   0.0000000000000000     
   4.0306114399852350E-002   2.0223073774929039E-002   0.0000000000000000     
   8.0269326071019304E-002   2.0258000022057913E-002   0.0000000000000000     
  0.11987819970894438        2.0197213091881962E-002   0.0000000000000000     
  0.15944387729884626        2.0156093380584078E-002   0.0000000000000000     
  0.19927742849692545        2.0166654199166249E-002   0.0000000000000000     
  0.23943756612598432        2.0137997619909146E-002   0.0000000000000000     
  0.27972441721310903        2.0067679693650461E-002   0.0000000000000000     
  0.31991701697844954        2.0019077230605423E-002   0.0000000000000000     
  0.35998461538289594        2.0003207576172792E-002   0.0000000000000000     
  0.39999793775311254        2.0000331877776861E-002   0.0000000000000000     
  0.43999917807741262        2.0000021755601626E-002   0.0000000000000000     
  0.47999903654403109        2.0000001686319772E-002   0.0000000000000000     
  0.51999926918273587        2.0000002327231436E-002   0.0000000000000000     
 -0.51999505731129836        4.9928233471892007E-002   0.0000000000000000     
 -0.47999694335266030        5.6398545770343263E-002   0.0000000000000000     
 -0.44000406824036409        5.9121151134674095E-002   0.0000000000000000     
 -0.40000952332513812        5.9854308619084730E-002   0.0000000000000000     
 -0.36000100870816026        5.9987096549701670E-002   0.0000000000000000     
 -0.31992551344516940        6.0038458966694325E-002   0.0000000000000000     
 -0.27962981292386618        6.0190751979074628E-002   0.0000000000000000     
 -0.23907889107363195        6.0623639072167418E-002   0.0000000000000000     
 -0.19895494370589942        6.1314447996300439E-002   0.0000000000000000     
 -0.15915276442236814        6.1596626967393889E-002   0.0000000000000000     
 -0.11914734208892203        6.1000861773541304E-002   0.0000000000000000     
  -7.9605968854940076E-002   6.0331849270220998E-002   0.0000000000000000     
  -4.0104375096411737E-002   6.0221345322253636E-002   0.0000000000000000     
   6.7948199228657471E-006   6.0453140764339171E-002   0.0000000000000000     
   4.0129924210488770E-002   6.0893893709120128E-002   0.0000000000000000     
   7.9626007409374824E-002   6.1068438915551707E-002   0.0000000000000000     
  0.11902668179363315        6.0677322282513275E-002   0.0000000000000000     
  0.15909486445207280        6.0445075895756567E-002   0.0000000000000000     
  0.19928528891959765        6.0527191599990884E-002   0.0000000000000000     
  0.23943449905713071        6.0437934106556741E-002   0.0000000000000000     
  0.27972479027723141        6.0206706024431580E-002   0.0000000000000000     
  0.31991952476343999        6.0054383082148652E-002   0.0000000000000000     
  0.35998537545530196        6.0005354763988231E-002   0.0000000000000000     
  0.39999716192822998        5.9995694480654310E-002   0.0000000000000000     
  0.43999681089173143        5.9992812681944688E-002   0.0000000000000000     
  0.47999539465461144        5.9991376286732401E-002   0.0000000000000000     
  0.51999631160937565        5.9993627442716038E-002   0.0000000000000000     
 -0.51999506217539337        9.0274257816215051E-002   0.0000000000000000     
 -0.48002671909877237        9.6632449097490247E-002   0.0000000000000000     
 -0.44008040808496579        9.9150262196910158E-002   0.0000000000000000     
 -0.40012038169085673        9.9827222234163543E-002   0.0000000000000000     
 -0.36012642438827441        9.9959793854126885E-002   0.0000000000000000     
 -0.32004753048168449       0.10005727979509609        0.0000000000000000     
 -0.27969094381960591       0.10044449588582330        0.0000000000000000     
 -0.23891297649469689       0.10164534613736577        0.0000000000000000     
 -0.19866843227145975       0.10368077705559393        0.0000000000000000     
  -7.8571828063128166E-002   9.7930667990997575E-002   0.0000000000000000     
  -3.9797047425803922E-002   9.9477890732669647E-002   0.0000000000000000     
   3.0564281826423051E-006  0.10050602076387567        0.0000000000000000     
   3.9806444327744356E-002  0.10175398241482454        0.0000000000000000     
   7.8571669254339629E-002  0.10351388173823232        0.0000000000000000     
  0.19951060386083813       0.10047317987293056        0.0000000000000000     
  0.23956501396824362       0.10038457631055236        0.0000000000000000     
  0.27978942115837191       0.10016216099090816        0.0000000000000000     
  0.31994099785580604       0.10001760704631688        0.0000000000000000     
  0.35998903062719267        9.9970803240251843E-002   0.0000000000000000     
  0.39999321715388353        9.9957892090086750E-002   0.0000000000000000     
  0.43998374418429964        9.9945291585466112E-002   0.0000000000000000     
  0.47997335474376751        9.9935227414678737E-002   0.0000000000000000     
  0.51997739321347614        9.9950993959504436E-002   0.0000000000000000     
 -0.52012985942842371       0.13239626752817840        0.0000000000000000     
 -0.48036884394148582       0.13712397577947494        0.0000000000000000     
 -0.44063721388961224       0.13907265705568708        0.0000000000000000     
 -0.40080940925193470       0.13964355736890741        0.0000000000000000     
 -0.36086729387870059       0.13977178839428520        0.0000000000000000     
 -0.32081490488988312       0.13990137179768172        0.0000000000000000     
 -0.28052356256934846       0.14055824195134675        0.0000000000000000     
 -0.23988043363292189       0.14314201954789085        0.0000000000000000     
 -0.19948948075110018       0.15005008926319335        0.0000000000000000     
  -7.7850140554796443E-002  0.13364791925325439        0.0000000000000000     
  -3.9458882371223712E-002  0.13818895120348390        0.0000000000000000     
   1.1325363290796812E-006  0.14035799239802985        0.0000000000000000     
   3.9462020619120269E-002  0.14269025948847375        0.0000000000000000     
   7.7853342674841827E-002  0.14751282340395269        0.0000000000000000     
  0.19989975911679203       0.13997368429392545        0.0000000000000000     
  0.23990488790070882       0.13986897960805611        0.0000000000000000     
  0.27996078087027892       0.13981357996822863        0.0000000000000000     
  0.31999236806662629       0.13978373880165382        0.0000000000000000     
  0.35999680035672443       0.13977307753553314        0.0000000000000000     
  0.39998396881179771       0.13975787077420285        0.0000000000000000     
  0.43994911158071642       0.13971783869298723        0.0000000000000000     
  0.47990811261181526       0.13967222271178303        0.0000000000000000     
  0.51991753254049355       0.13974168332331202        0.0000000000000000     
 -0.52096179602782922       0.17564654834906662        0.0000000000000000     
 -0.48203931596928801       0.17738126436383031        0.0000000000000000     
 -0.44295584519480702       0.17853597847806238        0.0000000000000000     
 -0.40345174535661765       0.17896524949631204        0.0000000000000000     
 -0.36360983741845199       0.17907931760837167        0.0000000000000000     
 -0.32359612838819185       0.17920665550682219        0.0000000000000000     
 -0.28335575132743668       0.17995644113389461        0.0000000000000000     
 -0.24265504426715712       0.18330522793667292        0.0000000000000000     
 -0.20145251982777576       0.19389286140696088        0.0000000000000000     
  -7.7598391610516848E-002  0.17083855531528441        0.0000000000000000     
  -3.9243142593223285E-002  0.17713368259746695        0.0000000000000000     
   2.8365292140876575E-007  0.18017535769235815        0.0000000000000000     
   3.9243859578929188E-002  0.18330423356215772        0.0000000000000000     
   7.7599069643266169E-002  0.18977806491183080        0.0000000000000000     
  0.20026411257549864       0.17880286177958057        0.0000000000000000     
  0.24029304986521255       0.17878583832734821        0.0000000000000000     
  0.28016104609893366       0.17893972388498017        0.0000000000000000     
  0.32005018817056397       0.17904345968515067        0.0000000000000000     
  0.36000501903538529       0.17907373338213453        0.0000000000000000     
  0.39997455357533857       0.17905645016723057        0.0000000000000000     
  0.43990821046108708       0.17898176531273088        0.0000000000000000     
  0.47982239424790307       0.17887535961323894        0.0000000000000000     
  0.51983406095044893       0.17895562971796858        0.0000000000000000     
 -0.52344805907202074       0.21648477415851086        0.0000000000000000     
 -0.48671191284665566       0.21665873098132316        0.0000000000000000     
 -0.44896736630068335       0.21714543192530247        0.0000000000000000     
 -0.40988865970552096       0.21738848609800990        0.0000000000000000     
 -0.37008924205878868       0.21746103557231503        0.0000000000000000     
 -0.33009459375983780       0.21754022727597888        0.0000000000000000     
 -0.28988491596359456       0.21803933112341828        0.0000000000000000     
 -0.24845939334540612       0.22037022428029365        0.0000000000000000     
 -0.20488141218924605       0.22760979043714810        0.0000000000000000     
  -7.7503825265866966E-002  0.21007775657819136        0.0000000000000000     
  -3.9154100302344605E-002  0.21665204355244119        0.0000000000000000     
   4.0835669331778656E-008  0.22006043824683807        0.0000000000000000     
   3.9154189368931974E-002  0.22349632288058974        0.0000000000000000     
   7.7503897911450070E-002  0.23008218182050438        0.0000000000000000     
  0.20042154462226647       0.21701913022921596        0.0000000000000000     
  0.24047448438290761       0.21709639685600537        0.0000000000000000     
  0.28024086476521043       0.21729418964898495        0.0000000000000000     
  0.32005971217741075       0.21741902749873235        0.0000000000000000     
  0.36000664809863026       0.21745541950872890        0.0000000000000000     
  0.39997857436838768       0.21744224152991626        0.0000000000000000     
  0.43991762299251452       0.21737378138414667        0.0000000000000000     
  0.47983406498102821       0.21726397696326352        0.0000000000000000     
  0.51984138032920746       0.21726907257835387        0.0000000000000000     
  -7.7476936725497103E-002  0.24991423847950403        0.0000000000000000     
  -3.9128123079498547E-002  0.25651988384706609        0.0000000000000000     
   3.3065527903490646E-009  0.26001325118650909        0.0000000000000000     
   3.9128129621499599E-002  0.26351026981316661        0.0000000000000000     
   7.7476941443806110E-002  0.27011189192460716        0.0000000000000000     
  -7.7468706472297297E-002  0.28988959628577826        0.0000000000000000     
  -3.9120028774547705E-002  0.29649251408373017        0.0000000000000000     
   1.5593634970707271E-010  0.29999247597796103        0.0000000000000000     
   3.9120029065973054E-002  0.30349129766040134        0.0000000000000000     
   7.7468706665189430E-002  0.31009736986279357        0.0000000000000000     
  -7.7448493714768599E-002  0.32990280704527908        0.0000000000000000     
  -3.9100355639775396E-002  0.33649358201867546        0.0000000000000000     
  -1.2083042293228787E-011  0.33995413818157477        0.0000000000000000     
   3.9100355618466039E-002  0.34339466817077874        0.0000000000000000     
   7.7448493702026430E-002  0.34999244343560915        0.0000000000000000     
  -7.7381099433091197E-002  0.37008823804853275        0.0000000000000000     
  -3.9036595221249845E-002  0.37660320701491928        0.0000000000000000     
  -1.0612375754690739E-010  0.37986801158427075        0.0000000000000000     
   3.9036595029268199E-002  0.38304999257480921        0.0000000000000000     
   7.7381099312868018E-002  0.38940601916398976        0.0000000000000000     
  -7.7272607234668236E-002  0.41148208263978836        0.0000000000000000     
  -3.8940138231386340E-002  0.41710271921564607        0.0000000000000000     
  -4.4344109144595691E-010  0.41977534548751905        0.0000000000000000     
   3.8940137395849152E-002  0.42229028155523390        0.0000000000000000     
   7.7272606677580291E-002  0.42750220339651795        0.0000000000000000     
  -7.7275448021874915E-002  0.45506422014502385        0.0000000000000000     
  -3.9004637864385489E-002  0.45827345409841813        0.0000000000000000     
  -1.1780457900216561E-009  0.45980457409529490        0.0000000000000000     
   3.9004635290750850E-002  0.46119523979994254        0.0000000000000000     
   7.7275446107281445E-002  0.46407472668717331        0.0000000000000000     
 -0.11500000000000000      -0.43531250708622193        0.0000000000000000     
 -0.11500000000000000      -0.46765625354311102        0.0000000000000000     
 -0.11500000000000000      -0.50000000000000000        0.0000000000000000     
  -7.7187500217009708E-002 -0.50000000000000000        0.0000000000000000     
  -3.9375000434019411E-002 -0.50000000000000000        0.0000000000000000     
   1.6659937318586060E-011 -0.50000000000000000        0.0000000000000000     
   3.9375000434019439E-002 -0.50000000000000000        0.0000000000000000     
   7.7187500217009722E-002 -0.50000000000000000        0.0000000000000000     
  0.11500000000000000      -0.50000000000000000        0.0000000000000000     
  0.11500000000000000      -0.45968749915607338        0.0000000000000000     
  0.11500000000000000      -0.41937499831214670        0.0000000000000000     
  0.11500000000000000      -0.38000000122106714        0.0000000000000000     
  0.11500000000000000      -0.34000000062502067        0.0000000000000000     
  0.11500000000000000      -0.30000000002897426        0.0000000000000000     
  0.11500000000000000      -0.26000001634253955        0.0000000000000000     
  0.11500000000000000      -0.22000001634253952        0.0000000000000000     
  0.11500000000000000      -0.18000001634253948        0.0000000000000000     
  0.11500000000000000      -0.13999998365746041        0.0000000000000000     
  0.11500000000000000       -9.9999999999999978E-002   0.0000000000000000     
  0.16000000000000000      -0.10000000000000001        0.0000000000000000     
  0.16000000000000000      -0.13937499932485869        0.0000000000000000     
  0.16000000000000000      -0.17718749966242936        0.0000000000000000     
  0.16000000000000000      -0.21500000000000000        0.0000000000000000     
  0.20031250084392671      -0.21500000000000000        0.0000000000000000     
  0.24062500168785345      -0.21500000000000000        0.0000000000000000     
  0.27999999877893295      -0.21500000000000000        0.0000000000000000     
  0.31999999937497925      -0.21500000000000000        0.0000000000000000     
  0.35999999997102594      -0.21500000000000000        0.0000000000000000     
  0.39999998365746048      -0.21500000000000000        0.0000000000000000     
  0.43999998365746062      -0.21500000000000000        0.0000000000000000     
  0.47999998365746055      -0.21500000000000000        0.0000000000000000     
  0.51999999182873025      -0.21500000000000000        0.0000000000000000     
  0.56000000000000005      -0.21500000000000000        0.0000000000000000     
  0.56000000000000005      -0.17749999624674462        0.0000000000000000     
  0.56000000000000005      -0.13999999249348927        0.0000000000000000     
  0.56000000000000005       -9.9999993957246319E-002   0.0000000000000000     
  0.56000000000000005       -6.0000002372325473E-002   0.0000000000000000     
  0.56000000000000005       -1.9999992215012141E-002   0.0000000000000000     
  0.56000000000000005        2.0000000034044424E-002   0.0000000000000000     
  0.56000000000000005        6.0000010787404939E-002   0.0000000000000000     
  0.56000000000000005       0.10000000237232590        0.0000000000000000     
  0.56000000000000005       0.13999999395724674        0.0000000000000000     
  0.56000000000000005       0.18000000927774343        0.0000000000000000     
  0.56000000000000005       0.21750000463887167        0.0000000000000000     
  0.56000000000000005       0.25500000000000000        0.0000000000000000     
  0.51999999909144357       0.25500000000000000        0.0000000000000000     
  0.47999999818288702       0.25500000000000000        0.0000000000000000     
  0.43999999877893325       0.25500000000000000        0.0000000000000000     
  0.39999999937497988       0.25500000000000000        0.0000000000000000     
  0.36000000002897414       0.25500000000000000        0.0000000000000000     
  0.31999998365746041       0.25500000000000000        0.0000000000000000     
  0.28000001634253940       0.25500000000000000        0.0000000000000000     
  0.24062500168785306       0.25500000000000000        0.0000000000000000     
  0.20031250084392660       0.25500000000000000        0.0000000000000000     
  0.16000000000000003       0.25500000000000000        0.0000000000000000     
  0.16000000000000000       0.21718750074344670        0.0000000000000000     
  0.16000000000000000       0.17937500148689339        0.0000000000000000     
  0.16000000000000000       0.14062500148689333        0.0000000000000000     
  0.16000000000000000       0.10000000000000001        0.0000000000000000     
  0.11500000000000000       0.10000000000000001        0.0000000000000000     
  0.11500000000000000       0.16031249993536961        0.0000000000000000     
  0.11500000000000000       0.19999999848090938        0.0000000000000000     
  0.11500000000000000       0.23999999907695654        0.0000000000000000     
  0.11500000000000000       0.27999999967300299        0.0000000000000000     
  0.11500000000000000       0.31999999181424316        0.0000000000000000     
  0.11500000000000000       0.35999998365746044        0.0000000000000000     
  0.11500000000000000       0.39999998365746026        0.0000000000000000     
  0.11500000000000000       0.43749999279321805        0.0000000000000000     
  0.11500000000000000       0.46874999639660897        0.0000000000000000     
  0.11500000000000000       0.50000000000000000        0.0000000000000000     
   7.7500000209904607E-002  0.50000000000000000        0.0000000000000000     
   4.0000000419809209E-002  0.50000000000000000        0.0000000000000000     
  -1.6660117729827562E-011  0.50000000000000000        0.0000000000000000     
  -4.0000009204063061E-002  0.50000000000000000        0.0000000000000000     
  -7.7500004602031533E-002  0.50000000000000000        0.0000000000000000     
 -0.11500000000000000       0.50000000000000000        0.0000000000000000     
 -0.11500000000000000       0.45000000014901148        0.0000000000000000     
 -0.11500000000000000       0.40000000029802296        0.0000000000000000     
 -0.11500000000000000       0.35999999970197649        0.0000000000000000     
 -0.11500000000000000       0.32000000029802322        0.0000000000000000     
 -0.11500000000000000       0.27999999181424329        0.0000000000000000     
 -0.11500000000000000       0.23999999999999982        0.0000000000000000     
 -0.11500000000000000       0.19999999999999857        0.0000000000000000     
 -0.11500000000000000       0.16031249267265718        0.0000000000000000     
 -0.11500000000000000       0.12218750204953605        0.0000000000000000     
 -0.11500000000000000        9.9999999999999978E-002   0.0000000000000000     
 -0.16000000000000000       0.10000000000000001        0.0000000000000000     
 -0.16000000000000000       0.15999999906800424        0.0000000000000000     
 -0.16000000000000000       0.22621874869695283        0.0000000000000000     
 -0.16000000000000000       0.24060937434847640        0.0000000000000000     
 -0.16000000000000000       0.25500000000000000        0.0000000000000000     
 -0.20999999924045540       0.25500000000000000        0.0000000000000000     
 -0.25999999848091082       0.25500000000000000        0.0000000000000000     
 -0.29999999907695651       0.25500000000000000        0.0000000000000000     
 -0.33999999970197747       0.25500000000000000        0.0000000000000000     
 -0.38000000818575741       0.25500000000000000        0.0000000000000000     
 -0.42000001634253925       0.25500000000000000        0.0000000000000000     
 -0.45968750732734298       0.25500000000000000        0.0000000000000000     
 -0.49531250708622199       0.25500000000000000        0.0000000000000000     
 -0.52765625354311096       0.25500000000000000        0.0000000000000000     
 -0.56000000000000005       0.25500000000000000        0.0000000000000000     
 -0.56000000000000005       0.21718750122281041        0.0000000000000000     
 -0.56000000000000005       0.17937500244562082        0.0000000000000000     
 -0.56000000000000005       0.11999999816478682        0.0000000000000000     
 -0.56000000000000005        7.9999997293668884E-002   0.0000000000000000     
 -0.56000000000000005        3.9999996090482715E-002   0.0000000000000000     
 -0.56000000000000005       -5.4107249791712775E-009   0.0000000000000000     
 -0.56000000000000005       -4.0000006579866076E-002   0.0000000000000000     
 -0.56000000000000005       -7.9999998164786812E-002   0.0000000000000000     
 -0.56000000000000005      -0.11968748980464999        0.0000000000000000     
 -0.56000000000000005      -0.20582811676821555        0.0000000000000000     
 -0.56000000000000005      -0.21041405838410776        0.0000000000000000     
 -0.56000000000000005      -0.21499999999999997        0.0000000000000000     
 -0.50984374988330350      -0.21500000000000000        0.0000000000000000     
 -0.45968749976660694      -0.21500000000000000        0.0000000000000000     
 -0.42000000092304424      -0.21500000000000000        0.0000000000000000     
 -0.38000000029802328      -0.21500000000000000        0.0000000000000000     
 -0.33999999181424334      -0.21500000000000000        0.0000000000000000     
 -0.29999999999999921      -0.21500000000000000        0.0000000000000000     
 -0.25999999999999862      -0.21500000000000000        0.0000000000000000     
 -0.22249999086424227      -0.21500000000000000        0.0000000000000000     
 -0.19124999543212118      -0.21500000000000000        0.0000000000000000     
 -0.16000000000000003      -0.21500000000000000        0.0000000000000000     
 -0.16000000000000000      -0.17750000225279122        0.0000000000000000     
 -0.16000000000000000      -0.10000000000000001        0.0000000000000000     
 -0.13812500075048256      -0.10000000000000001        0.0000000000000000     
 -0.11500000000000000      -0.10000000000000001        0.0000000000000000     
 -0.11500000000000000      -0.16000000029802380        0.0000000000000000     
 -0.11500000000000000      -0.19999999970197707        0.0000000000000000     
 -0.11500000000000000      -0.24000000092304533        0.0000000000000000     
 -0.11500000000000000      -0.28000000032699857        0.0000000000000000     
 -0.11500000000000000      -0.32000000818575813        0.0000000000000000     
 -0.11500000000000000      -0.36000000000000087        0.0000000000000000     
 -0.11500000000000000      -0.40765624537184098        0.0000000000000000     
     1       2       1     273       1       4
     2       7       1       2       2       4
     6       7       1       5       3       1
     1       6       1     271       4      -4
     2       3       2     274       1       4
     3       8       2       3       2       4
     7       8       2       6       3       1
     3       4       3     275       1       4
     4       9       3       4       2       4
     8       9       3       7       3       1
     4       5       4     276       1       4
     5      10       4     278       2       4
     9      10       4       8       3       1
     7      12       5       6       2       4
    11      12       5       9       3       1
     6      11       5     400       4      -4
     8      13       6       7       2       4
    12      13       6      10       3       1
     9      14       7       8       2       4
    13      14       7      11       3       1
    10      15       8     279       2       4
    14      15       8      12       3       1
    12      17       9      10       2       4
    16      17       9      13       3       1
    11      16       9     399       4      -4
    13      18      10      11       2       4
    17      18      10      14       3       1
    14      19      11      12       2       4
    18      19      11      15       3       1
    15      20      12     280       2       4
    19      20      12      16       3       1
    17      22      13      14       2       4
    21      22      13      17       3       1
    16      21      13     398       4      -4
    18      23      14      15       2       4
    22      23      14      18       3       1
    19      24      15      16       2       4
    23      24      15      19       3       1
    20      25      16     281       2       4
    24      25      16      20       3       1
    22      27      17      18       2       4
    26      27      17      21       3       1
    21      26      17     397       4      -4
    23      28      18      19       2       4
    27      28      18      22       3       1
    24      29      19      20       2       4
    28      29      19      23       3       1
    25      30      20     282       2       4
    29      30      20      24       3       1
    27      32      21      22       2       4
    31      32      21      25       3       1
    26      31      21     396       4      -4
    28      33      22      23       2       4
    32      33      22      26       3       1
    29      34      23      24       2       4
    33      34      23      27       3       1
    30      35      24     283       2       4
    34      35      24      28       3       1
    32      46      25      26       2       4
    45      46      25      37       3       1
    31      45      25     395       4      -4
    33      47      26      27       2       4
    46      47      26      38       3       1
    34      48      27      28       2       4
    47      48      27      39       3       1
    35      49      28     284       2       4
    48      49      28      40       3       1
    36      37      29     379       1       4
    37      60      29      30       2       4
    59      60      29      49       3       1
    36      59      29     377       4      -4
    37      38      30     380       1       4
    38      61      30      31       2       4
    60      61      30      50       3       1
    38      39      31     381       1       4
    39      62      31      32       2       4
    61      62      31      51       3       1
    39      40      32     382       1       4
    40      63      32      33       2       4
    62      63      32      52       3       1
    40      41      33     383       1       4
    41      64      33      34       2       4
    63      64      33      53       3       1
    41      42      34     384       1       4
    42      65      34      35       2       4
    64      65      34      54       3       1
    42      43      35     385       1       4
    43      66      35      36       2       4
    65      66      35      55       3       1
    43      44      36     386       1       4
    44      67      36     388       2       4
    66      67      36      56       3       1
    46      69      37      38       2       4
    68      69      37      57       3       1
    45      68      37     394       4      -4
    47      70      38      39       2       4
    69      70      38      58       3       1
    48      71      39      40       2       4
    70      71      39      59       3       1
    49      72      40     285       2       4
    71      72      40      60       3       1
    50      51      41     293       1       4
    51      74      41      42       2       4
    73      74      41      61       3       1
    50      73      41     291       4      -4
    51      52      42     294       1       4
    52      75      42      43       2       4
    74      75      42      62       3       1
    52      53      43     295       1       4
    53      76      43      44       2       4
    75      76      43      63       3       1
    53      54      44     296       1       4
    54      77      44      45       2       4
    76      77      44      64       3       1
    54      55      45     297       1       4
    55      78      45      46       2       4
    77      78      45      65       3       1
    55      56      46     298       1       4
    56      79      46      47       2       4
    78      79      46      66       3       1
    56      57      47     299       1       4
    57      80      47      48       2       4
    79      80      47      67       3       1
    57      58      48     300       1       4
    58      81      48     302       2       4
    80      81      48      68       3       1
    60      83      49      50       2       4
    82      83      49      69       3       1
    59      82      49     376       4      -4
    61      84      50      51       2       4
    83      84      50      70       3       1
    62      85      51      52       2       4
    84      85      51      71       3       1
    63      86      52      53       2       4
    85      86      52      72       3       1
    64      87      53      54       2       4
    86      87      53      73       3       1
    65      88      54      55       2       4
    87      88      54      74       3       1
    66      89      55      56       2       4
    88      89      55      75       3       1
    67      90      56     389       2       4
    89      90      56      76       3       1
    69      92      57      58       2       4
    91      92      57      77       3       1
    68      91      57     393       4      -4
    70      93      58      59       2       4
    92      93      58      78       3       1
    71      94      59      60       2       4
    93      94      59      79       3       1
    72      95      60     286       2       4
    94      95      60      80       3       1
    74      97      61      62       2       4
    96      97      61      81       3       1
    73      96      61     290       4      -4
    75      98      62      63       2       4
    97      98      62      82       3       1
    76      99      63      64       2       4
    98      99      63      83       3       1
    77     100      64      65       2       4
    99     100      64      84       3       1
    78     101      65      66       2       4
   100     101      65      85       3       1
    79     102      66      67       2       4
   101     102      66      86       3       1
    80     103      67      68       2       4
   102     103      67      87       3       1
    81     104      68     303       2       4
   103     104      68      88       3       1
    83     106      69      70       2       4
   105     106      69      89       3       1
    82     105      69     375       4      -4
    84     107      70      71       2       4
   106     107      70      90       3       1
    85     108      71      72       2       4
   107     108      71      91       3       1
    86     109      72      73       2       4
   108     109      72      92       3       1
    87     110      73      74       2       4
   109     110      73      93       3       1
    88     111      74      75       2       4
   110     111      74      94       3       1
    89     112      75      76       2       4
   111     112      75      95       3       1
    90     113      76     389       2       3
   112     113      76      96       3       1
    92     117      77      78       2       4
   116     117      77     100       3       1
    91     116      77     392       4      -3
    93     118      78      79       2       4
   117     118      78     101       3       1
    94     119      79      80       2       4
   118     119      79     102       3       1
    95     120      80     287       2       4
   119     120      80     103       3       1
    97     124      81      82       2       4
   123     124      81     107       3       1
    96     123      81     289       4      -3
    98     125      82      83       2       4
   124     125      82     108       3       1
    99     126      83      84       2       4
   125     126      83     109       3       1
   100     127      84      85       2       4
   126     127      84     110       3       1
   101     128      85      86       2       4
   127     128      85     111       3       1
   102     129      86      87       2       4
   128     129      86     112       3       1
   103     130      87      88       2       4
   129     130      87     113       3       1
   104     131      88     304       2       4
   130     131      88     114       3       1
   106     133      89      90       2       4
   132     133      89     115       3       1
   105     132      89     374       4      -4
   107     134      90      91       2       4
   133     134      90     116       3       1
   108     135      91      92       2       4
   134     135      91     117       3       1
   109     136      92      93       2       4
   135     136      92     118       3       1
   110     137      93      94       2       4
   136     137      93     119       3       1
   111     138      94      95       2       4
   137     138      94     120       3       1
   112     139      95      96       2       4
   138     139      95     121       3       1
   113     140      96      97       2       4
   139     140      96     122       3       1
   113     114      97     390       1       4
   114     141      97      98       2       4
   140     141      97     123       3       1
   114     115      98     391       1       4
   115     142      98      99       2       4
   141     142      98     124       3       1
   115     116      99     392       1       4
   116     143      99     100       2       4
   142     143      99     125       3       1
   117     144     100     101       2       4
   143     144     100     126       3       1
   118     145     101     102       2       4
   144     145     101     127       3       1
   119     146     102     103       2       4
   145     146     102     128       3       1
   120     147     103     104       2       4
   146     147     103     129       3       1
   120     121     104     287       1       3
   121     148     104     105       2       4
   147     148     104     130       3       1
   121     122     105     288       1       4
   122     149     105     106       2       4
   148     149     105     131       3       1
   122     123     106     289       1       4
   123     150     106     107       2       4
   149     150     106     132       3       1
   124     151     107     108       2       4
   150     151     107     133       3       1
   125     152     108     109       2       4
   151     152     108     134       3       1
   126     153     109     110       2       4
   152     153     109     135       3       1
   127     154     110     111       2       4
   153     154     110     136       3       1
   128     155     111     112       2       4
   154     155     111     137       3       1
   129     156     112     113       2       4
   155     156     112     138       3       1
   130     157     113     114       2       4
   156     157     113     139       3       1
   131     158     114     305       2       4
   157     158     114     140       3       1
   133     160     115     116       2       4
   159     160     115     141       3       1
   132     159     115     373       4      -4
   134     161     116     117       2       4
   160     161     116     142       3       1
   135     162     117     118       2       4
   161     162     117     143       3       1
   136     163     118     119       2       4
   162     163     118     144       3       1
   137     164     119     120       2       4
   163     164     119     145       3       1
   138     165     120     121       2       4
   164     165     120     146       3       1
   139     166     121     122       2       4
   165     166     121     147       3       1
   140     167     122     123       2       4
   166     167     122     148       3       1
   141     168     123     124       2       4
   167     168     123     149       3       1
   142     169     124     125       2       4
   168     169     124     150       3       1
   143     170     125     126       2       4
   169     170     125     151       3       1
   144     171     126     127       2       4
   170     171     126     152       3       1
   145     172     127     128       2       4
   171     172     127     153       3       1
   146     173     128     129       2       4
   172     173     128     154       3       1
   147     174     129     130       2       4
   173     174     129     155       3       1
   148     175     130     131       2       4
   174     175     130     156       3       1
   149     176     131     132       2       4
   175     176     131     157       3       1
   150     177     132     133       2       4
   176     177     132     158       3       1
   151     178     133     134       2       4
   177     178     133     159       3       1
   152     179     134     135       2       4
   178     179     134     160       3       1
   153     180     135     136       2       4
   179     180     135     161       3       1
   154     181     136     137       2       4
   180     181     136     162       3       1
   155     182     137     138       2       4
   181     182     137     163       3       1
   156     183     138     139       2       4
   182     183     138     164       3       1
   157     184     139     140       2       4
   183     184     139     165       3       1
   158     185     140     306       2       4
   184     185     140     166       3       1
   160     187     141     142       2       4
   186     187     141     167       3       1
   159     186     141     372       4      -4
   161     188     142     143       2       4
   187     188     142     168       3       1
   162     189     143     144       2       4
   188     189     143     169       3       1
   163     190     144     145       2       4
   189     190     144     170       3       1
   164     191     145     146       2       4
   190     191     145     171       3       1
   165     192     146     147       2       4
   191     192     146     172       3       1
   166     193     147     148       2       4
   192     193     147     173       3       1
   167     194     148     149       2       4
   193     194     148     174       3       1
   168     195     149     150       2       4
   194     195     149     354       3      -4
   169     196     150     151       2       4
   195     196     150     353       3      -4
   170     197     151     152       2       4
   196     197     151     352       3      -3
   171     198     152     153       2       4
   197     198     152     175       3       1
   172     199     153     154       2       4
   198     199     153     176       3       1
   173     200     154     155       2       4
   199     200     154     177       3       1
   174     201     155     156       2       4
   200     201     155     178       3       1
   175     202     156     157       2       4
   201     202     156     327       3      -4
   176     203     157     158       2       4
   202     203     157     326       3      -4
   177     204     158     159       2       4
   203     204     158     325       3      -3
   178     205     159     160       2       4
   204     205     159     179       3       1
   179     206     160     161       2       4
   205     206     160     180       3       1
   180     207     161     162       2       4
   206     207     161     181       3       1
   181     208     162     163       2       4
   207     208     162     182       3       1
   182     209     163     164       2       4
   208     209     163     183       3       1
   183     210     164     165       2       4
   209     210     164     184       3       1
   184     211     165     166       2       4
   210     211     165     185       3       1
   185     212     166     307       2       4
   211     212     166     186       3       1
   187     214     167     168       2       4
   213     214     167     187       3       1
   186     213     167     371       4      -4
   188     215     168     169       2       4
   214     215     168     188       3       1
   189     216     169     170       2       4
   215     216     169     189       3       1
   190     217     170     171       2       4
   216     217     170     190       3       1
   191     218     171     172       2       4
   217     218     171     191       3       1
   192     219     172     173       2       4
   218     219     172     192       3       1
   193     220     173     174       2       4
   219     220     173     193       3       1
   194     221     174     354       2       3
   220     221     174     194       3       1
   198     223     175     176       2       4
   222     223     175     195       3       1
   197     222     175     352       4      -4
   199     224     176     177       2       4
   223     224     176     196       3       1
   200     225     177     178       2       4
   224     225     177     197       3       1
   201     226     178     327       2       3
   225     226     178     198       3       1
   205     228     179     180       2       4
   227     228     179     199       3       1
   204     227     179     325       4      -4
   206     229     180     181       2       4
   228     229     180     200       3       1
   207     230     181     182       2       4
   229     230     181     201       3       1
   208     231     182     183       2       4
   230     231     182     202       3       1
   209     232     183     184       2       4
   231     232     183     203       3       1
   210     233     184     185       2       4
   232     233     184     204       3       1
   211     234     185     186       2       4
   233     234     185     205       3       1
   212     235     186     308       2       4
   234     235     186     206       3       1
   214     237     187     188       2       4
   236     237     187     207       3       1
   213     236     187     370       4      -4
   215     238     188     189       2       4
   237     238     188     208       3       1
   216     239     189     190       2       4
   238     239     189     209       3       1
   217     240     190     191       2       4
   239     240     190     210       3       1
   218     241     191     192       2       4
   240     241     191     211       3       1
   219     242     192     193       2       4
   241     242     192     212       3       1
   220     243     193     194       2       4
   242     243     193     213       3       1
   221     244     194     355       2       4
   243     244     194     214       3       1
   223     246     195     196       2       4
   245     246     195     215       3       1
   222     245     195     351       4      -4
   224     247     196     197       2       4
   246     247     196     216       3       1
   225     248     197     198       2       4
   247     248     197     217       3       1
   226     249     198     328       2       4
   248     249     198     218       3       1
   228     251     199     200       2       4
   250     251     199     219       3       1
   227     250     199     324       4      -4
   229     252     200     201       2       4
   251     252     200     220       3       1
   230     253     201     202       2       4
   252     253     201     221       3       1
   231     254     202     203       2       4
   253     254     202     222       3       1
   232     255     203     204       2       4
   254     255     203     223       3       1
   233     256     204     205       2       4
   255     256     204     224       3       1
   234     257     205     206       2       4
   256     257     205     225       3       1
   235     258     206     309       2       4
   257     258     206     226       3       1
   237     260     207     208       2       4
   259     260     207     227       3       1
   236     259     207     369       4      -4
   238     261     208     209       2       4
   260     261     208     228       3       1
   239     262     209     210       2       4
   261     262     209     229       3       1
   240     263     210     211       2       4
   262     263     210     230       3       1
   241     264     211     212       2       4
   263     264     211     231       3       1
   242     265     212     213       2       4
   264     265     212     232       3       1
   243     266     213     214       2       4
   265     266     213     233       3       1
   244     267     214     356       2       4
   266     267     214     234       3       1
   246     269     215     216       2       4
   268     269     215     235       3       1
   245     268     215     350       4      -4
   247     270     216     217       2       4
   269     270     216     236       3       1
   248     271     217     218       2       4
   270     271     217     237       3       1
   249     272     218     329       2       4
   271     272     218     238       3       1
   251     274     219     220       2       4
   273     274     219     239       3       1
   250     273     219     323       4      -4
   252     275     220     221       2       4
   274     275     220     240       3       1
   253     276     221     222       2       4
   275     276     221     241       3       1
   254     277     222     223       2       4
   276     277     222     242       3       1
   255     278     223     224       2       4
   277     278     223     243       3       1
   256     279     224     225       2       4
   278     279     224     244       3       1
   257     280     225     226       2       4
   279     280     225     245       3       1
   258     281     226     310       2       4
   280     281     226     246       3       1
   260     283     227     228       2       4
   282     283     227     366       3      -4
   259     282     227     368       4      -4
   261     284     228     229       2       4
   283     284     228     365       3      -4
   262     285     229     230       2       4
   284     285     229     364       3      -4
   263     286     230     231       2       4
   285     286     230     363       3      -4
   264     287     231     232       2       4
   286     287     231     362       3      -4
   265     288     232     233       2       4
   287     288     232     361       3      -4
   266     289     233     234       2       4
   288     289     233     360       3      -4
   267     290     234     357       2       4
   289     290     234     359       3      -4
   269     292     235     236       2       4
   291     292     235     247       3       1
   268     291     235     349       4      -4
   270     293     236     237       2       4
   292     293     236     248       3       1
   271     294     237     238       2       4
   293     294     237     249       3       1
   272     295     238     330       2       4
   294     295     238     250       3       1
   274     297     239     240       2       4
   296     297     239     320       3      -4
   273     296     239     322       4      -4
   275     298     240     241       2       4
   297     298     240     319       3      -4
   276     299     241     242       2       4
   298     299     241     318       3      -4
   277     300     242     243       2       4
   299     300     242     317       3      -4
   278     301     243     244       2       4
   300     301     243     316       3      -4
   279     302     244     245       2       4
   301     302     244     315       3      -4
   280     303     245     246       2       4
   302     303     245     314       3      -4
   281     304     246     311       2       4
   303     304     246     313       3      -4
   292     306     247     248       2       4
   305     306     247     251       3       1
   291     305     247     348       4      -4
   293     307     248     249       2       4
   306     307     248     252       3       1
   294     308     249     250       2       4
   307     308     249     253       3       1
   295     309     250     331       2       4
   308     309     250     254       3       1
   306     311     251     252       2       4
   310     311     251     255       3       1
   305     310     251     347       4      -4
   307     312     252     253       2       4
   311     312     252     256       3       1
   308     313     253     254       2       4
   312     313     253     257       3       1
   309     314     254     332       2       4
   313     314     254     258       3       1
   311     316     255     256       2       4
   315     316     255     259       3       1
   310     315     255     346       4      -4
   312     317     256     257       2       4
   316     317     256     260       3       1
   313     318     257     258       2       4
   317     318     257     261       3       1
   314     319     258     333       2       4
   318     319     258     262       3       1
   316     321     259     260       2       4
   320     321     259     263       3       1
   315     320     259     345       4      -4
   317     322     260     261       2       4
   321     322     260     264       3       1
   318     323     261     262       2       4
   322     323     261     265       3       1
   319     324     262     334       2       4
   323     324     262     266       3       1
   321     326     263     264       2       4
   325     326     263     267       3       1
   320     325     263     344       4      -4
   322     327     264     265       2       4
   326     327     264     268       3       1
   323     328     265     266       2       4
   327     328     265     269       3       1
   324     329     266     335       2       4
   328     329     266     270       3       1
   326     331     267     268       2       4
   330     331     267     341       3      -4
   325     330     267     343       4      -4
   327     332     268     269       2       4
   331     332     268     340       3      -4
   328     333     269     270       2       4
   332     333     269     339       3      -4
   329     334     270     336       2       4
   333     334     270     338       3      -4
     6     335     271     400       1       3
   335     336     271       0       2       0
     1     336     271     272       3       1
   336     337     272       0       2       0
   338     337     272       0       3       0
     1     338     272     273       4       1
   338     339     273       0       2       0
     2     339     273     274       3       1
   339     340     274       0       2       0
     3     340     274     275       3       1
   340     341     275       0       2       0
     4     341     275     276       3       1
   341     342     276       0       2       0
     5     342     276     277       3       1
   342     343     277       0       2       0
   344     343     277       0       3       0
     5     344     277     278       4       1
   344     345     278       0       2       0
    10     345     278     279       3       1
   345     346     279       0       2       0
    15     346     279     280       3       1
   346     347     280       0       2       0
    20     347     280     281       3       1
   347     348     281       0       2       0
    25     348     281     282       3       1
   348     349     282       0       2       0
    30     349     282     283       3       1
   349     350     283       0       2       0
    35     350     283     284       3       1
   350     351     284       0       2       0
    49     351     284     285       3       1
   351     352     285       0       2       0
    72     352     285     286       3       1
   352     353     286       0       2       0
    95     353     286     287       3       1
   353     121     287     288       2      -1
   353     354     288       0       2       0
   122     354     288     289       3       1
   354      96     289     290       2      -1
   354     355     290       0       2       0
    73     355     290     291       3       1
   355     356     291       0       2       0
    50     356     291     292       3       1
   356     357     292       0       2       0
   358     357     292       0       3       0
    50     358     292     293       4       1
   358     359     293       0       2       0
    51     359     293     294       3       1
   359     360     294       0       2       0
    52     360     294     295       3       1
   360     361     295       0       2       0
    53     361     295     296       3       1
   361     362     296       0       2       0
    54     362     296     297       3       1
   362     363     297       0       2       0
    55     363     297     298       3       1
   363     364     298       0       2       0
    56     364     298     299       3       1
   364     365     299       0       2       0
    57     365     299     300       3       1
   365     366     300       0       2       0
    58     366     300     301       3       1
   366     367     301       0       2       0
   368     367     301       0       3       0
    58     368     301     302       4       1
   368     369     302       0       2       0
    81     369     302     303       3       1
   369     370     303       0       2       0
   104     370     303     304       3       1
   370     371     304       0       2       0
   131     371     304     305       3       1
   371     372     305       0       2       0
   158     372     305     306       3       1
   372     373     306       0       2       0
   185     373     306     307       3       1
   373     374     307       0       2       0
   212     374     307     308       3       1
   374     375     308       0       2       0
   235     375     308     309       3       1
   375     376     309       0       2       0
   258     376     309     310       3       1
   376     377     310       0       2       0
   281     377     310     311       3       1
   377     378     311       0       2       0
   304     378     311     312       3       1
   378     379     312       0       2       0
   380     379     312       0       3       0
   304     380     312     313       4       1
   380     381     313       0       2       0
   303     381     313     314       3       1
   381     382     314       0       2       0
   302     382     314     315       3       1
   382     383     315       0       2       0
   301     383     315     316       3       1
   383     384     316       0       2       0
   300     384     316     317       3       1
   384     385     317       0       2       0
   299     385     317     318       3       1
   385     386     318       0       2       0
   298     386     318     319       3       1
   386     387     319       0       2       0
   297     387     319     320       3       1
   387     388     320       0       2       0
   296     388     320     321       3       1
   388     389     321       0       2       0
   390     389     321       0       3       0
   296     390     321     322       4       1
   390     391     322       0       2       0
   273     391     322     323       3       1
   391     392     323       0       2       0
   250     392     323     324       3       1
   392     393     324       0       2       0
   227     393     324     325       3       1
   393     203     325     326       2      -1
   393     394     326       0       2       0
   202     394     326     327       3       1
   394     226     327     328       2      -1
   394     395     328       0       2       0
   249     395     328     329       3       1
   395     396     329       0       2       0
   272     396     329     330       3       1
   396     397     330       0       2       0
   295     397     330     331       3       1
   397     398     331       0       2       0
   309     398     331     332       3       1
   398     399     332       0       2       0
   314     399     332     333       3       1
   399     400     333       0       2       0
   319     400     333     334       3       1
   400     401     334       0       2       0
   324     401     334     335       3       1
   401     402     335       0       2       0
   329     402     335     336       3       1
   402     403     336       0       2       0
   334     403     336     337       3       1
   403     404     337       0       2       0
   405     404     337       0       3       0
   334     405     337     338       4       1
   405     406     338       0       2       0
   333     406     338     339       3       1
   406     407     339       0       2       0
   332     407     339     340       3       1
   407     408     340       0       2       0
   331     408     340     341       3       1
   408     409     341       0       2       0
   330     409     341     342       3       1
   409     410     342       0       2       0
   411     410     342       0       3       0
   330     411     342     343       4       1
   411     412     343       0       2       0
   325     412     343     344       3       1
   412     413     344       0       2       0
   320     413     344     345       3       1
   413     414     345       0       2       0
   315     414     345     346       3       1
   414     415     346       0       2       0
   310     415     346     347       3       1
   415     416     347       0       2       0
   305     416     347     348       3       1
   416     417     348       0       2       0
   291     417     348     349       3       1
   417     418     349       0       2       0
   268     418     349     350       3       1
   418     419     350       0       2       0
   245     419     350     351       3       1
   419     420     351       0       2       0
   222     420     351     352       3       1
   420     196     352     353       2      -1
   420     421     353       0       2       0
   195     421     353     354       3       1
   421     221     354     355       2      -1
   421     422     355       0       2       0
   244     422     355     356       3       1
   422     423     356       0       2       0
   267     423     356     357       3       1
   423     424     357       0       2       0
   290     424     357     358       3       1
   424     425     358       0       2       0
   426     425     358       0       3       0
   290     426     358     359       4       1
   426     427     359       0       2       0
   289     427     359     360       3       1
   427     428     360       0       2       0
   288     428     360     361       3       1
   428     429     361       0       2       0
   287     429     361     362       3       1
   429     430     362       0       2       0
   286     430     362     363       3       1
   430     431     363       0       2       0
   285     431     363     364       3       1
   431     432     364       0       2       0
   284     432     364     365       3       1
   432     433     365       0       2       0
   283     433     365     366       3       1
   433     434     366       0       2       0
   282     434     366     367       3       1
   434     435     367       0       2       0
   436     435     367       0       3       0
   282     436     367     368       4       1
   436     437     368       0       2       0
   259     437     368     369       3       1
   437     438     369       0       2       0
   236     438     369     370       3       1
   438     439     370       0       2       0
   213     439     370     371       3       1
   439     440     371       0       2       0
   186     440     371     372       3       1
   440     441     372       0       2       0
   159     441     372     373       3       1
   441     442     373       0       2       0
   132     442     373     374       3       1
   442     443     374       0       2       0
   105     443     374     375       3       1
   443     444     375       0       2       0
    82     444     375     376       3       1
   444     445     376       0       2       0
    59     445     376     377       3       1
   445     446     377       0       2       0
    36     446     377     378       3       1
   446     447     378       0       2       0
   448     447     378       0       3       0
    36     448     378     379       4       1
   448     449     379       0       2       0
    37     449     379     380       3       1
   449     450     380       0       2       0
    38     450     380     381       3       1
   450     451     381       0       2       0
    39     451     381     382       3       1
   451     452     382       0       2       0
    40     452     382     383       3       1
   452     453     383       0       2       0
    41     453     383     384       3       1
   453     454     384       0       2       0
    42     454     384     385       3       1
   454     455     385       0       2       0
    43     455     385     386       3       1
   455     456     386       0       2       0
    44     456     386     387       3       1
   456     457     387       0       2       0
   458     457     387       0       3       0
    44     458     387     388       4       1
   458     459     388       0       2       0
    67     459     388     389       3       1
   459     113     389     390       2      -1
   459     460     390       0       2       0
   114     460     390     391       3       1
   460     461     391       0       2       0
   115     461     391     392       3       1
   461      91     392     393       2      -1
   461     462     393       0       2       0
    68     462     393     394       3       1
   462     463     394       0       2       0
    45     463     394     395       3       1
   463     464     395       0       2       0
    31     464     395     396       3       1
   464     465     396       0       2       0
    26     465     396     397       3       1
   465     466     397       0       2       0
    21     466     397     398       3       1
   466     467     398       0       2       0
    16     467     398     399       3       1
   467     468     399       0       2       0
    11     468     399     400       3       1
   468     335     400       0       2       0
           1           2           7           6
           0           0           0           0
 --- --- --- --- 
           2           3           8           7
           0           0           0           0
 --- --- --- --- 
           3           4           9           8
           0           0           0           0
 --- --- --- --- 
           4           5          10           9
           0           0           0           0
 --- --- --- --- 
           6           7          12          11
           0           0           0           0
 --- --- --- --- 
           7           8          13          12
           0           0           0           0
 --- --- --- --- 
           8           9          14          13
           0           0           0           0
 --- --- --- --- 
           9          10          15          14
           0           0           0           0
 --- --- --- --- 
          11          12          17          16
           0           0           0           0
 --- --- --- --- 
          12          13          18          17
           0           0           0           0
 --- --- --- --- 
          13          14          19          18
           0           0           0           0
 --- --- --- --- 
          14          15          20          19
           0           0           0           0
 --- --- --- --- 
          16          17          22          21
           0           0           0           0
 --- --- --- --- 
          17          18          23          22
           0           0           0           0
 --- --- --- --- 
          18          19          24          23
           0           0           0           0
 --- --- --- --- 
          19          20          25          24
           0           0           0           0
 --- --- --- --- 
          21          22          27          26
           0           0           0           0
 --- --- --- --- 
          22          23          28          27
           0           0           0           0
 --- --- --- --- 
          23          24          29          28
           0           0           0           0
 --- --- --- --- 
          24          25          30          29
           0           0           0           0
 --- --- --- --- 
          26          27          32          31
           0           0           0           0
 --- --- --- --- 
          27          28          33          32
           0           0           0           0
 --- --- --- --- 
          28          29          34          33
           0           0           0           0
 --- --- --- --- 
          29          30          35          34
           0           0           0           0
 --- --- --- --- 
          31          32          46          45
           0           0           0           0
 --- --- --- --- 
          32          33          47          46
           0           0           0           0
 --- --- --- --- 
          33          34          48          47
           0           0           0           0
 --- --- --- --- 
          34          35          49          48
           0           0           0           0
 --- --- --- --- 
          36          37          60          59
           0           0           0           0
 --- --- --- --- 
          37          38          61          60
           0           0           0           0
 --- --- --- --- 
          38          39          62          61
           0           0           0           0
 --- --- --- --- 
          39          40          63          62
           0           0           0           0
 --- --- --- --- 
          40          41          64          63
           0           0           0           0
 --- --- --- --- 
          41          42          65          64
           0           0           0           0
 --- --- --- --- 
          42          43          66          65
           0           0           0           0
 --- --- --- --- 
          43          44          67          66
           0           0           0           0
 --- --- --- --- 
          45          46          69          68
           0           0           0           0
 --- --- --- --- 
          46          47          70          69
           0           0           0           0
 --- --- --- --- 
          47          48          71          70
           0           0           0           0
 --- --- --- --- 
          48          49          72          71
           0           0           0           0
 --- --- --- --- 
          50          51          74          73
           0           0           0           0
 --- --- --- --- 
          51          52          75          74
           0           0           0           0
 --- --- --- --- 
          52          53          76          75
           0           0           0           0
 --- --- --- --- 
          53          54          77          76
           0           0           0           0
 --- --- --- --- 
          54          55          78          77
           0           0           0           0
 --- --- --- --- 
          55          56          79          78
           0           0           0           0
 --- --- --- --- 
          56          57          80          79
           0           0           0           0
 --- --- --- --- 
          57          58          81          80
           0           0           0           0
 --- --- --- --- 
          59          60          83          82
           0           0           0           0
 --- --- --- --- 
          60          61          84          83
           0           0           0           0
 --- --- --- --- 
          61          62          85          84
           0           0           0           0
 --- --- --- --- 
          62          63          86          85
           0           0           0           0
 --- --- --- --- 
          63          64          87          86
           0           0           0           0
 --- --- --- --- 
          64          65          88          87
           0           0           0           0
 --- --- --- --- 
          65          66          89          88
           0           0           0           0
 --- --- --- --- 
          66          67          90          89
           0           0           0           0
 --- --- --- --- 
          68          69          92          91
           0           0           0           0
 --- --- --- --- 
          69          70          93          92
           0           0           0           0
 --- --- --- --- 
          70          71          94          93
           0           0           0           0
 --- --- --- --- 
          71          72          95          94
           0           0           0           0
 --- --- --- --- 
          73          74          97          96
           0           0           0           0
 --- --- --- --- 
          74          75          98          97
           0           0           0           0
 --- --- --- --- 
          75          76          99          98
           0           0           0           0
 --- --- --- --- 
          76          77         100          99
           0           0           0           0
 --- --- --- --- 
          77          78         101         100
           0           0           0           0
 --- --- --- --- 
          78          79         102         101
           0           0           0           0
 --- --- --- --- 
          79          80         103         102
           0           0           0           0
 --- --- --- --- 
          80          81         104         103
           0           0           0           0
 --- --- --- --- 
          82          83         106         105
           0           0           0           0
 --- --- --- --- 
          83          84         107         106
           0           0           0           0
 --- --- --- --- 
          84          85         108         107
           0           0           0           0
 --- --- --- --- 
          85          86         109         108
           0           0           0           0
 --- --- --- --- 
          86          87         110         109
           0           0           0           0
 --- --- --- --- 
          87          88         111         110
           0           0           0           0
 --- --- --- --- 
          88          89         112         111
           0           0           0           0
 --- --- --- --- 
          89          90         113         112
           0           0           0           0
 --- --- --- --- 
          91          92         117         116
           0           0           0           0
 --- --- --- --- 
          92          93         118         117
           0           0           0           0
 --- --- --- --- 
          93          94         119         118
           0           0           0           0
 --- --- --- --- 
          94          95         120         119
           0           0           0           0
 --- --- --- --- 
          96          97         124         123
           0           0           0           0
 --- --- --- --- 
          97          98         125         124
           0           0           0           0
 --- --- --- --- 
          98          99         126         125
           0           0           0           0
 --- --- --- --- 
          99         100         127         126
           0           0           0           0
 --- --- --- --- 
         100         101         128         127
           0           0           0           0
 --- --- --- --- 
         101         102         129         128
           0           0           0           0
 --- --- --- --- 
         102         103         130         129
           0           0           0           0
 --- --- --- --- 
         103         104         131         130
           0           0           0           0
 --- --- --- --- 
         105         106         133         132
           0           0           0           0
 --- --- --- --- 
         106         107         134         133
           0           0           0           0
 --- --- --- --- 
         107         108         135         134
           0           0           0           0
 --- --- --- --- 
         108         109         136         135
           0           0           0           0
 --- --- --- --- 
         109         110         137         136
           0           0           0           0
 --- --- --- --- 
         110         111         138         137
           0           0           0           0
 --- --- --- --- 
         111         112         139         138
           0           0           0           0
 --- --- --- --- 
         112         113         140         139
           0           0           0           0
 --- --- --- --- 
         113         114         141         140
           0           0           0           0
 --- --- --- --- 
         114         115         142         141
           0           0           0           0
 --- --- --- --- 
         115         116         143         142
           0           0           0           0
 --- --- --- --- 
         116         117         144         143
           0           0           0           0
 --- --- --- --- 
         117         118         145         144
           0           0           0           0
 --- --- --- --- 
         118         119         146         145
           0           0           0           0
 --- --- --- --- 
         119         120         147         146
           0           0           0           0
 --- --- --- --- 
         120         121         148         147
           0           0           0           0
 --- --- --- --- 
         121         122         149         148
           0           0           0           0
 --- --- --- --- 
         122         123         150         149
           0           0           0           0
 --- --- --- --- 
         123         124         151         150
           0           0           0           0
 --- --- --- --- 
         124         125         152         151
           0           0           0           0
 --- --- --- --- 
         125         126         153         152
           0           0           0           0
 --- --- --- --- 
         126         127         154         153
           0           0           0           0
 --- --- --- --- 
         127         128         155         154
           0           0           0           0
 --- --- --- --- 
         128         129         156         155
           0           0           0           0
 --- --- --- --- 
         129         130         157         156
           0           0           0           0
 --- --- --- --- 
         130         131         158         157
           0           0           0           0
 --- --- --- --- 
         132         133         160         159
           0           0           0           0
 --- --- --- --- 
         133         134         161         160
           0           0           0           0
 --- --- --- --- 
         134         135         162         161
           0           0           0           0
 --- --- --- --- 
         135         136         163         162
           0           0           0           0
 --- --- --- --- 
         136         137         164         163
           0           0           0           0
 --- --- --- --- 
         137         138         165         164
           0           0           0           0
 --- --- --- --- 
         138         139         166         165
           0           0           0           0
 --- --- --- --- 
         139         140         167         166
           0           0           0           0
 --- --- --- --- 
         140         141         168         167
           0           0           0           0
 --- --- --- --- 
         141         142         169         168
           0           0           0           0
 --- --- --- --- 
         142         143         170         169
           0           0           0           0
 --- --- --- --- 
         143         144         171         170
           0           0           0           0
 --- --- --- --- 
         144         145         172         171
           0           0           0           0
 --- --- --- --- 
         145         146         173         172
           0           0           0           0
 --- --- --- --- 
         146         147         174         173
           0           0           0           0
 --- --- --- --- 
         147         148         175         174
           0           0           0           0
 --- --- --- --- 
         148         149         176         175
           0           0           0           0
 --- --- --- --- 
         149         150         177         176
           0           0           0           0
 --- --- --- --- 
         150         151         178         177
           0           0           0           0
 --- --- --- --- 
         151         152         179         178
           0           0           0           0
 --- --- --- --- 
         152         153         180         179
           0           0           0           0
 --- --- --- --- 
         153         154         181         180
           0           0           0           0
 --- --- --- --- 
         154         155         182         181
           0           0           0           0
 --- --- --- --- 
         155         156         183         182
           0           0           0           0
 --- --- --- --- 
         156         157         184         183
           0           0           0           0
 --- --- --- --- 
         157         158         185         184
           0           0           0           0
 --- --- --- --- 
         159         160         187         186
           0           0           0           0
 --- --- --- --- 
         160         161         188         187
           0           0           0           0
 --- --- --- --- 
         161         162         189         188
           0           0           0           0
 --- --- --- --- 
         162         163         190         189
           0           0           0           0
 --- --- --- --- 
         163         164         191         190
           0           0           0           0
 --- --- --- --- 
         164         165         192         191
           0           0           0           0
 --- --- --- --- 
         165         166         193         192
           0           0           0           0
 --- --- --- --- 
         166         167         194         193
           0           0           0           0
 --- --- --- --- 
         167         168         195         194
           0           0           0           0
 --- --- --- --- 
         168         169         196         195
           0           0           0           0
 --- --- --- --- 
         169         170         197         196
           0           0           0           0
 --- --- --- --- 
         170         171         198         197
           0           0           0           0
 --- --- --- --- 
         171         172         199         198
           0           0           0           0
 --- --- --- --- 
         172         173         200         199
           0           0           0           0
 --- --- --- --- 
         173         174         201         200
           0           0           0           0
 --- --- --- --- 
         174         175         202         201
           0           0           0           0
 --- --- --- --- 
         175         176         203         202
           0           0           0           0
 --- --- --- --- 
         176         177         204         203
           0           0           0           0
 --- --- --- --- 
         177         178         205         204
           0           0           0           0
 --- --- --- --- 
         178         179         206         205
           0           0           0           0
 --- --- --- --- 
         179         180         207         206
           0           0           0           0
 --- --- --- --- 
         180         181         208         207
           0           0           0           0
 --- --- --- --- 
         181         182         209         208
           0           0           0           0
 --- --- --- --- 
         182         183         210         209
           0           0           0           0
 --- --- --- --- 
         183         184         211         210
           0           0           0           0
 --- --- --- --- 
         184         185         212         211
           0           0           0           0
 --- --- --- --- 
         186         187         214         213
           0           0           0           0
 --- --- --- --- 
         187         188         215         214
           0           0           0           0
 --- --- --- --- 
         188         189         216         215
           0           0           0           0
 --- --- --- --- 
         189         190         217         216
           0           0           0           0
 --- --- --- --- 
         190         191         218         217
           0           0           0           0
 --- --- --- --- 
         191         192         219         218
           0           0           0           0
 --- --- --- --- 
         192         193         220         219
           0           0           0           0
 --- --- --- --- 
         193         194         221         220
           0           0           0           0
 --- --- --- --- 
         197         198         223         222
           0           0           0           0
 --- --- --- --- 
         198         199         224         223
           0           0           0           0
 --- --- --- --- 
         199         200         225         224
           0           0           0           0
 --- --- --- --- 
         200         201         226         225
           0           0           0           0
 --- --- --- --- 
         204         205         228         227
           0           0           0           0
 --- --- --- --- 
         205         206         229         228
           0           0           0           0
 --- --- --- --- 
         206         207         230         229
           0           0           0           0
 --- --- --- --- 
         207         208         231         230
           0           0           0           0
 --- --- --- --- 
         208         209         232         231
           0           0           0           0
 --- --- --- --- 
         209         210         233         232
           0           0           0           0
 --- --- --- --- 
         210         211         234         233
           0           0           0           0
 --- --- --- --- 
         211         212         235         234
           0           0           0           0
 --- --- --- --- 
         213         214         237         236
           0           0           0           0
 --- --- --- --- 
         214         215         238         237
           0           0           0           0
 --- --- --- --- 
         215         216         239         238
           0           0           0           0
 --- --- --- --- 
         216         217         240         239
           0           0           0           0
 --- --- --- --- 
         217         218         241         240
           0           0           0           0
 --- --- --- --- 
         218         219         242         241
           0           0           0           0
 --- --- --- --- 
         219         220         243         242
           0           0           0           0
 --- --- --- --- 
         220         221         244         243
           0           0           0           0
 --- --- --- --- 
         222         223         246         245
           0           0           0           0
 --- --- --- --- 
         223         224         247         246
           0           0           0           0
 --- --- --- --- 
         224         225         248         247
           0           0           0           0
 --- --- --- --- 
         225         226         249         248
           0           0           0           0
 --- --- --- --- 
         227         228         251         250
           0           0           0           0
 --- --- --- --- 
         228         229         252         251
           0           0           0           0
 --- --- --- --- 
         229         230         253         252
           0           0           0           0
 --- --- --- --- 
         230         231         254         253
           0           0           0           0
 --- --- --- --- 
         231         232         255         254
           0           0           0           0
 --- --- --- --- 
         232         233         256         255
           0           0           0           0
 --- --- --- --- 
         233         234         257         256
           0           0           0           0
 --- --- --- --- 
         234         235         258         257
           0           0           0           0
 --- --- --- --- 
         236         237         260         259
           0           0           0           0
 --- --- --- --- 
         237         238         261         260
           0           0           0           0
 --- --- --- --- 
         238         239         262         261
           0           0           0           0
 --- --- --- --- 
         239         240         263         262
           0           0           0           0
 --- --- --- --- 
         240         241         264         263
           0           0           0           0
 --- --- --- --- 
         241         242         265         264
           0           0           0           0
 --- --- --- --- 
         242         243         266         265
           0           0           0           0
 --- --- --- --- 
         243         244         267         266
           0           0           0           0
 --- --- --- --- 
         245         246         269         268
           0           0           0           0
 --- --- --- --- 
         246         247         270         269
           0           0           0           0
 --- --- --- --- 
         247         248         271         270
           0           0           0           0
 --- --- --- --- 
         248         249         272         271
           0           0           0           0
 --- --- --- --- 
         250         251         274         273
           0           0           0           0
 --- --- --- --- 
         251         252         275         274
           0           0           0           0
 --- --- --- --- 
         252         253         276         275
           0           0           0           0
 --- --- --- --- 
         253         254         277         276
           0           0           0           0
 --- --- --- --- 
         254         255         278         277
           0           0           0           0
 --- --- --- --- 
         255         256         279         278
           0           0           0           0
 --- --- --- --- 
         256         257         280         279
           0           0           0           0
 --- --- --- --- 
         257         258         281         280
           0           0           0           0
 --- --- --- --- 
         259         260         283         282
           0           0           0           0
 --- --- --- --- 
         260         261         284         283
           0           0           0           0
 --- --- --- --- 
         261         262         285         284
           0           0           0           0
 --- --- --- --- 
         262         263         286         285
           0           0           0           0
 --- --- --- --- 
         263         264         287         286
           0           0           0           0
 --- --- --- --- 
         264         265         288         287
           0           0           0           0
 --- --- --- --- 
         265         266         289         288
           0           0           0           0
 --- --- --- --- 
         266         267         290         289
           0           0           0           0
 --- --- --- --- 
         268         269         292         291
           0           0           0           0
 --- --- --- --- 
         269         270         293         292
           0           0           0           0
 --- --- --- --- 
         270         271         294         293
           0           0           0           0
 --- --- --- --- 
         271         272         295         294
           0           0           0           0
 --- --- --- --- 
         273         274         297         296
           0           0           0           0
 --- --- --- --- 
         274         275         298         297
           0           0           0           0
 --- --- --- --- 
         275         276         299         298
           0           0           0           0
 --- --- --- --- 
         276         277         300         299
           0           0           0           0
 --- --- --- --- 
         277         278         301         300
           0           0           0           0
 --- --- --- --- 
         278         279         302         301
           0           0           0           0
 --- --- --- --- 
         279         280         303         302
           0           0           0           0
 --- --- --- --- 
         280         281         304         303
           0           0           0           0
 --- --- --- --- 
         291         292         306         305
           0           0           0           0
 --- --- --- --- 
         292         293         307         306
           0           0           0           0
 --- --- --- --- 
         293         294         308         307
           0           0           0           0
 --- --- --- --- 
         294         295         309         308
           0           0           0           0
 --- --- --- --- 
         305         306         311         310
           0           0           0           0
 --- --- --- --- 
         306         307         312         311
           0           0           0           0
 --- --- --- --- 
         307         308         313         312
           0           0           0           0
 --- --- --- --- 
         308         309         314         313
           0           0           0           0
 --- --- --- --- 
         310         311         316         315
           0           0           0           0
 --- --- --- --- 
         311         312         317         316
           0           0           0           0
 --- --- --- --- 
         312         313         318         317
           0           0           0           0
 --- --- --- --- 
         313         314         319         318
           0           0           0           0
 --- --- --- --- 
         315         316         321         320
           0           0           0           0
 --- --- --- --- 
         316         317         322         321
           0           0           0           0
 --- --- --- --- 
         317         318         323         322
           0           0           0           0
 --- --- --- --- 
         318         319         324         323
           0           0           0           0
 --- --- --- --- 
         320         321         326         325
           0           0           0           0
 --- --- --- --- 
         321         322         327         326
           0           0           0           0
 --- --- --- --- 
         322         323         328         327
           0           0           0           0
 --- --- --- --- 
         323         324         329         328
           0           0           0           0
 --- --- --- --- 
         325         326         331         330
           0           0           0           0
 --- --- --- --- 
         326         327         332         331
           0           0           0           0
 --- --- --- --- 
         327         328         333         332
           0           0           0           0
 --- --- --- --- 
         328         329         334         333
           0           0           0           0
 --- --- --- --- 
           6         335         336           1
           0           1           0           0
 -0.11500000000000000      -0.43531250708622193        0.0000000000000000     
 -0.11500000000000000      -0.46765625354311169        0.0000000000000000     
 --- walls --- --- 
           1         336         337         338
           0           1           1           0
 -0.11500000000000000      -0.46765625354311169        0.0000000000000000     
 -0.11500000000000000      -0.50000000000000000        0.0000000000000000     
  -7.7187500217009694E-002 -0.50000000000000000        0.0000000000000000     
 -0.11500000000000000      -0.50000000000000000        0.0000000000000000     
 --- walls contact_bottom --- 
           1         338         339           2
           0           1           0           0
  -7.7187500217009694E-002 -0.50000000000000000        0.0000000000000000     
  -3.9375000434019383E-002 -0.50000000000000000        0.0000000000000000     
 --- contact_bottom --- --- 
           2         339         340           3
           0           1           0           0
  -3.9375000434019383E-002 -0.50000000000000000        0.0000000000000000     
   1.6659937318586060E-011 -0.50000000000000000        0.0000000000000000     
 --- contact_bottom --- --- 
           3         340         341           4
           0           1           0           0
   1.6659937318586060E-011 -0.50000000000000000        0.0000000000000000     
   3.9375000434019439E-002 -0.50000000000000000        0.0000000000000000     
 --- contact_bottom --- --- 
           4         341         342           5
           0           1           0           0
   3.9375000434019439E-002 -0.50000000000000000        0.0000000000000000     
   7.7187500217009694E-002 -0.50000000000000000        0.0000000000000000     
 --- contact_bottom --- --- 
           5         342         343         344
           0           1           1           0
   7.7187500217009694E-002 -0.50000000000000000        0.0000000000000000     
  0.11500000000000000      -0.50000000000000000        0.0000000000000000     
  0.11500000000000000      -0.45968749915607338        0.0000000000000000     
  0.11500000000000000      -0.50000000000000000        0.0000000000000000     
 --- contact_bottom walls --- 
           5         344         345          10
           0           1           0           0
  0.11500000000000000      -0.45968749915607338        0.0000000000000000     
  0.11500000000000000      -0.41937499831214675        0.0000000000000000     
 --- walls --- --- 
          10         345         346          15
           0           1           0           0
  0.11500000000000000      -0.41937499831214675        0.0000000000000000     
  0.11500000000000000      -0.38000000122106725        0.0000000000000000     
 --- walls --- --- 
          15         346         347          20
           0           1           0           0
  0.11500000000000000      -0.38000000122106725        0.0000000000000000     
  0.11500000000000000      -0.34000000062502056        0.0000000000000000     
 --- walls --- --- 
          20         347         348          25
           0           1           0           0
  0.11500000000000000      -0.34000000062502056        0.0000000000000000     
  0.11500000000000000      -0.30000000002897431        0.0000000000000000     
 --- walls --- --- 
          25         348         349          30
           0           1           0           0
  0.11500000000000000      -0.30000000002897431        0.0000000000000000     
  0.11500000000000000      -0.26000001634253955        0.0000000000000000     
 --- walls --- --- 
          30         349         350          35
           0           1           0           0
  0.11500000000000000      -0.26000001634253955        0.0000000000000000     
  0.11500000000000000      -0.22000001634253952        0.0000000000000000     
 --- walls --- --- 
          35         350         351          49
           0           1           0           0
  0.11500000000000000      -0.22000001634253952        0.0000000000000000     
  0.11500000000000000      -0.18000001634253948        0.0000000000000000     
 --- walls --- --- 
          49         351         352          72
           0           1           0           0
  0.11500000000000000      -0.18000001634253948        0.0000000000000000     
  0.11500000000000000      -0.13999998365746041        0.0000000000000000     
 --- walls --- --- 
          72         352         353          95
           0           1           0           0
  0.11500000000000000      -0.13999998365746041        0.0000000000000000     
  0.11500000000000000      -0.10000000000000001        0.0000000000000000     
 --- walls --- --- 
          95         353         121         120
           0           0           0           0
 --- --- --- --- 
         121         353         354         122
           0           1           0           0
  0.11500000000000000      -0.10000000000000001        0.0000000000000000     
  0.16000000000000000      -0.10000000000000006        0.0000000000000000     
 --- walls --- --- 
         122         354          96         123
           0           0           0           0
 --- --- --- --- 
          96         354         355          73
           0           1           0           0
  0.16000000000000000      -0.10000000000000006        0.0000000000000000     
  0.16000000000000000      -0.13937499932485875        0.0000000000000000     
 --- walls --- --- 
          73         355         356          50
           0           1           0           0
  0.16000000000000000      -0.13937499932485875        0.0000000000000000     
  0.16000000000000000      -0.17718749966242936        0.0000000000000000     
 --- walls --- --- 
          50         356         357         358
           0           1           1           0
  0.16000000000000000      -0.17718749966242936        0.0000000000000000     
  0.16000000000000000      -0.21500000000000000        0.0000000000000000     
  0.20031250084392682      -0.21500000000000000        0.0000000000000000     
  0.16000000000000000      -0.21500000000000000        0.0000000000000000     
 --- walls walls --- 
          50         358         359          51
           0           1           0           0
  0.20031250084392682      -0.21500000000000000        0.0000000000000000     
  0.24062500168785328      -0.21500000000000000        0.0000000000000000     
 --- walls --- --- 
          51         359         360          52
           0           1           0           0
  0.24062500168785328      -0.21500000000000000        0.0000000000000000     
  0.27999999877893295      -0.21500000000000000        0.0000000000000000     
 --- walls --- --- 
          52         360         361          53
           0           1           0           0
  0.27999999877893295      -0.21500000000000000        0.0000000000000000     
  0.31999999937497942      -0.21500000000000000        0.0000000000000000     
 --- walls --- --- 
          53         361         362          54
           0           1           0           0
  0.31999999937497942      -0.21500000000000000        0.0000000000000000     
  0.35999999997102583      -0.21500000000000000        0.0000000000000000     
 --- walls --- --- 
          54         362         363          55
           0           1           0           0
  0.35999999997102583      -0.21500000000000000        0.0000000000000000     
  0.39999998365746048      -0.21500000000000000        0.0000000000000000     
 --- walls --- --- 
          55         363         364          56
           0           1           0           0
  0.39999998365746048      -0.21500000000000000        0.0000000000000000     
  0.43999998365746062      -0.21500000000000000        0.0000000000000000     
 --- walls --- --- 
          56         364         365          57
           0           1           0           0
  0.43999998365746062      -0.21500000000000000        0.0000000000000000     
  0.47999998365746055      -0.21500000000000000        0.0000000000000000     
 --- walls --- --- 
          57         365         366          58
           0           1           0           0
  0.47999998365746055      -0.21500000000000000        0.0000000000000000     
  0.51999999182873025      -0.21500000000000000        0.0000000000000000     
 --- walls --- --- 
          58         366         367         368
           0           1           1           0
  0.51999999182873025      -0.21500000000000000        0.0000000000000000     
  0.56000000000000005      -0.21500000000000000        0.0000000000000000     
  0.56000000000000005      -0.17749999624674445        0.0000000000000000     
  0.56000000000000005      -0.21500000000000000        0.0000000000000000     
 --- walls walls --- 
          58         368         369          81
           0           1           0           0
  0.56000000000000005      -0.17749999624674445        0.0000000000000000     
  0.56000000000000005      -0.13999999249348888        0.0000000000000000     
 --- walls --- --- 
          81         369         370         104
           0           1           0           0
  0.56000000000000005      -0.13999999249348888        0.0000000000000000     
  0.56000000000000005       -9.9999993957246333E-002   0.0000000000000000     
 --- walls --- --- 
         104         370         371         131
           0           1           0           0
  0.56000000000000005       -9.9999993957246333E-002   0.0000000000000000     
  0.56000000000000005       -6.0000002372325639E-002   0.0000000000000000     
 --- walls --- --- 
         131         371         372         158
           0           1           0           0
  0.56000000000000005       -6.0000002372325639E-002   0.0000000000000000     
  0.56000000000000005       -1.9999992215012141E-002   0.0000000000000000     
 --- walls --- --- 
         158         372         373         185
           0           1           0           0
  0.56000000000000005       -1.9999992215012141E-002   0.0000000000000000     
  0.56000000000000005        2.0000000034044202E-002   0.0000000000000000     
 --- walls --- --- 
         185         373         374         212
           0           1           0           0
  0.56000000000000005        2.0000000034044202E-002   0.0000000000000000     
  0.56000000000000005        6.0000010787404939E-002   0.0000000000000000     
 --- walls --- --- 
         212         374         375         235
           0           1           0           0
  0.56000000000000005        6.0000010787404939E-002   0.0000000000000000     
  0.56000000000000005       0.10000000237232601        0.0000000000000000     
 --- walls --- --- 
         235         375         376         258
           0           1           0           0
  0.56000000000000005       0.10000000237232601        0.0000000000000000     
  0.56000000000000005       0.13999999395724713        0.0000000000000000     
 --- walls --- --- 
         258         376         377         281
           0           1           0           0
  0.56000000000000005       0.13999999395724713        0.0000000000000000     
  0.56000000000000005       0.18000000927774337        0.0000000000000000     
 --- walls --- --- 
         281         377         378         304
           0           1           0           0
  0.56000000000000005       0.18000000927774337        0.0000000000000000     
  0.56000000000000005       0.21750000463887212        0.0000000000000000     
 --- walls --- --- 
         304         378         379         380
           0           1           1           0
  0.56000000000000005       0.21750000463887212        0.0000000000000000     
  0.55999999999999972       0.25500000000000000        0.0000000000000000     
  0.51999999909144345       0.25500000000000000        0.0000000000000000     
  0.55999999999999972       0.25500000000000000        0.0000000000000000     
 --- walls walls --- 
         304         380         381         303
           0           1           0           0
  0.51999999909144345       0.25500000000000000        0.0000000000000000     
  0.47999999818288674       0.25500000000000000        0.0000000000000000     
 --- walls --- --- 
         303         381         382         302
           0           1           0           0
  0.47999999818288674       0.25500000000000000        0.0000000000000000     
  0.43999999877893314       0.25500000000000000        0.0000000000000000     
 --- walls --- --- 
         302         382         383         301
           0           1           0           0
  0.43999999877893314       0.25500000000000000        0.0000000000000000     
  0.39999999937497988       0.25500000000000000        0.0000000000000000     
 --- walls --- --- 
         301         383         384         300
           0           1           0           0
  0.39999999937497988       0.25500000000000000        0.0000000000000000     
  0.36000000002897420       0.25500000000000000        0.0000000000000000     
 --- walls --- --- 
         300         384         385         299
           0           1           0           0
  0.36000000002897420       0.25500000000000000        0.0000000000000000     
  0.31999998365746041       0.25500000000000000        0.0000000000000000     
 --- walls --- --- 
         299         385         386         298
           0           1           0           0
  0.31999998365746041       0.25500000000000000        0.0000000000000000     
  0.28000001634253940       0.25500000000000000        0.0000000000000000     
 --- walls --- --- 
         298         386         387         297
           0           1           0           0
  0.28000001634253940       0.25500000000000000        0.0000000000000000     
  0.24062500168785295       0.25500000000000000        0.0000000000000000     
 --- walls --- --- 
         297         387         388         296
           0           1           0           0
  0.24062500168785295       0.25500000000000000        0.0000000000000000     
  0.20031250084392682       0.25500000000000000        0.0000000000000000     
 --- walls --- --- 
         296         388         389         390
           0           1           1           0
  0.20031250084392682       0.25500000000000000        0.0000000000000000     
  0.16000000000000000       0.25499999999999989        0.0000000000000000     
  0.16000000000000000       0.21718750074344662        0.0000000000000000     
  0.16000000000000000       0.25499999999999989        0.0000000000000000     
 --- walls walls --- 
         296         390         391         273
           0           1           0           0
  0.16000000000000000       0.21718750074344662        0.0000000000000000     
  0.16000000000000000       0.17937500148689350        0.0000000000000000     
 --- walls --- --- 
         273         391         392         250
           0           1           0           0
  0.16000000000000000       0.17937500148689350        0.0000000000000000     
  0.16000000000000000       0.14062500148689322        0.0000000000000000     
 --- walls --- --- 
         250         392         393         227
           0           1           0           0
  0.16000000000000000       0.14062500148689322        0.0000000000000000     
  0.16000000000000000       0.10000000000000001        0.0000000000000000     
 --- walls --- --- 
         227         393         203         204
           0           0           0           0
 --- --- --- --- 
         203         393         394         202
           0           1           0           0
  0.16000000000000000       0.10000000000000001        0.0000000000000000     
  0.11500000000000000       0.10000000000000001        0.0000000000000000     
 --- walls --- --- 
         202         394         226         201
           0           0           0           0
 --- --- --- --- 
         226         394         395         249
           0           1           0           0
  0.11500000000000000       0.10000000000000001        0.0000000000000000     
  0.11500000000000000       0.16031249993536961        0.0000000000000000     
 --- walls --- --- 
         249         395         396         272
           0           1           0           0
  0.11500000000000000       0.16031249993536961        0.0000000000000000     
  0.11500000000000000       0.19999999848090938        0.0000000000000000     
 --- walls --- --- 
         272         396         397         295
           0           1           0           0
  0.11500000000000000       0.19999999848090938        0.0000000000000000     
  0.11500000000000000       0.23999999907695654        0.0000000000000000     
 --- walls --- --- 
         295         397         398         309
           0           1           0           0
  0.11500000000000000       0.23999999907695654        0.0000000000000000     
  0.11500000000000000       0.27999999967300299        0.0000000000000000     
 --- walls --- --- 
         309         398         399         314
           0           1           0           0
  0.11500000000000000       0.27999999967300299        0.0000000000000000     
  0.11500000000000000       0.31999999181424316        0.0000000000000000     
 --- walls --- --- 
         314         399         400         319
           0           1           0           0
  0.11500000000000000       0.31999999181424316        0.0000000000000000     
  0.11500000000000000       0.35999998365746044        0.0000000000000000     
 --- walls --- --- 
         319         400         401         324
           0           1           0           0
  0.11500000000000000       0.35999998365746044        0.0000000000000000     
  0.11500000000000000       0.39999998365746026        0.0000000000000000     
 --- walls --- --- 
         324         401         402         329
           0           1           0           0
  0.11500000000000000       0.39999998365746026        0.0000000000000000     
  0.11500000000000000       0.43749999279321805        0.0000000000000000     
 --- walls --- --- 
         329         402         403         334
           0           1           0           0
  0.11500000000000000       0.43749999279321805        0.0000000000000000     
  0.11500000000000000       0.46874999639660897        0.0000000000000000     
 --- walls --- --- 
         334         403         404         405
           0           1           1           0
  0.11500000000000000       0.46874999639660897        0.0000000000000000     
  0.11500000000000000       0.50000000000000000        0.0000000000000000     
   7.7500000209904579E-002  0.50000000000000000        0.0000000000000000     
  0.11500000000000000       0.50000000000000000        0.0000000000000000     
 --- walls contact_top --- 
         334         405         406         333
           0           1           0           0
   7.7500000209904579E-002  0.50000000000000000        0.0000000000000000     
   4.0000000419809154E-002  0.50000000000000000        0.0000000000000000     
 --- contact_top --- --- 
         333         406         407         332
           0           1           0           0
   4.0000000419809154E-002  0.50000000000000000        0.0000000000000000     
  -1.6659520984951826E-011  0.50000000000000000        0.0000000000000000     
 --- contact_top --- --- 
         332         407         408         331
           0           1           0           0
  -1.6659520984951826E-011  0.50000000000000000        0.0000000000000000     
  -4.0000009204062867E-002  0.50000000000000000        0.0000000000000000     
 --- contact_top --- --- 
         331         408         409         330
           0           1           0           0
  -4.0000009204062867E-002  0.50000000000000000        0.0000000000000000     
  -7.7500004602031422E-002  0.50000000000000000        0.0000000000000000     
 --- contact_top --- --- 
         330         409         410         411
           0           1           1           0
  -7.7500004602031422E-002  0.50000000000000000        0.0000000000000000     
 -0.11500000000000000       0.50000000000000000        0.0000000000000000     
 -0.11500000000000000       0.45000000014901148        0.0000000000000000     
 -0.11500000000000000       0.50000000000000000        0.0000000000000000     
 --- contact_top walls --- 
         330         411         412         325
           0           1           0           0
 -0.11500000000000000       0.45000000014901148        0.0000000000000000     
 -0.11500000000000000       0.40000000029802296        0.0000000000000000     
 --- walls --- --- 
         325         412         413         320
           0           1           0           0
 -0.11500000000000000       0.40000000029802296        0.0000000000000000     
 -0.11500000000000000       0.35999999970197649        0.0000000000000000     
 --- walls --- --- 
         320         413         414         315
           0           1           0           0
 -0.11500000000000000       0.35999999970197649        0.0000000000000000     
 -0.11500000000000000       0.32000000029802322        0.0000000000000000     
 --- walls --- --- 
         315         414         415         310
           0           1           0           0
 -0.11500000000000000       0.32000000029802322        0.0000000000000000     
 -0.11500000000000000       0.27999999181424329        0.0000000000000000     
 --- walls --- --- 
         310         415         416         305
           0           1           0           0
 -0.11500000000000000       0.27999999181424329        0.0000000000000000     
 -0.11500000000000000       0.23999999999999982        0.0000000000000000     
 --- walls --- --- 
         305         416         417         291
           0           1           0           0
 -0.11500000000000000       0.23999999999999982        0.0000000000000000     
 -0.11500000000000000       0.19999999999999857        0.0000000000000000     
 --- walls --- --- 
         291         417         418         268
           0           1           0           0
 -0.11500000000000000       0.19999999999999857        0.0000000000000000     
 -0.11500000000000000       0.16031249267265718        0.0000000000000000     
 --- walls --- --- 
         268         418         419         245
           0           1           0           0
 -0.11500000000000000       0.16031249267265718        0.0000000000000000     
 -0.11500000000000000       0.12218750204953605        0.0000000000000000     
 --- walls --- --- 
         245         419         420         222
           0           1           0           0
 -0.11500000000000000       0.12218750204953605        0.0000000000000000     
 -0.11500000000000009       0.10000000000000001        0.0000000000000000     
 --- walls --- --- 
         222         420         196         197
           0           0           0           0
 --- --- --- --- 
         196         420         421         195
           0           1           0           0
 -0.11500000000000009       0.10000000000000001        0.0000000000000000     
 -0.16000000000000000       0.10000000000000001        0.0000000000000000     
 --- walls --- --- 
         195         421         221         194
           0           0           0           0
 --- --- --- --- 
         221         421         422         244
           0           1           0           0
 -0.16000000000000000       0.10000000000000001        0.0000000000000000     
 -0.16000000000000000       0.15999999906800424        0.0000000000000000     
 --- walls --- --- 
         244         422         423         267
           0           1           0           0
 -0.16000000000000000       0.15999999906800424        0.0000000000000000     
 -0.16000000000000000       0.22621874869695283        0.0000000000000000     
 --- walls --- --- 
         267         423         424         290
           0           1           0           0
 -0.16000000000000000       0.22621874869695283        0.0000000000000000     
 -0.16000000000000000       0.24060937434847640        0.0000000000000000     
 --- walls --- --- 
         290         424         425         426
           0           1           1           0
 -0.16000000000000000       0.24060937434847640        0.0000000000000000     
 -0.16000000000000072       0.25500000000000000        0.0000000000000000     
 -0.20999999924045540       0.25500000000000000        0.0000000000000000     
 -0.16000000000000072       0.25500000000000000        0.0000000000000000     
 --- walls walls --- 
         290         426         427         289
           0           1           0           0
 -0.20999999924045540       0.25500000000000000        0.0000000000000000     
 -0.25999999848091082       0.25500000000000000        0.0000000000000000     
 --- walls --- --- 
         289         427         428         288
           0           1           0           0
 -0.25999999848091082       0.25500000000000000        0.0000000000000000     
 -0.29999999907695651       0.25500000000000000        0.0000000000000000     
 --- walls --- --- 
         288         428         429         287
           0           1           0           0
 -0.29999999907695651       0.25500000000000000        0.0000000000000000     
 -0.33999999970197747       0.25500000000000000        0.0000000000000000     
 --- walls --- --- 
         287         429         430         286
           0           1           0           0
 -0.33999999970197747       0.25500000000000000        0.0000000000000000     
 -0.38000000818575741       0.25500000000000000        0.0000000000000000     
 --- walls --- --- 
         286         430         431         285
           0           1           0           0
 -0.38000000818575741       0.25500000000000000        0.0000000000000000     
 -0.42000001634253925       0.25500000000000000        0.0000000000000000     
 --- walls --- --- 
         285         431         432         284
           0           1           0           0
 -0.42000001634253925       0.25500000000000000        0.0000000000000000     
 -0.45968750732734298       0.25500000000000000        0.0000000000000000     
 --- walls --- --- 
         284         432         433         283
           0           1           0           0
 -0.45968750732734298       0.25500000000000000        0.0000000000000000     
 -0.49531250708622199       0.25500000000000000        0.0000000000000000     
 --- walls --- --- 
         283         433         434         282
           0           1           0           0
 -0.49531250708622199       0.25500000000000000        0.0000000000000000     
 -0.52765625354311096       0.25500000000000000        0.0000000000000000     
 --- walls --- --- 
         282         434         435         436
           0           1           1           0
 -0.52765625354311096       0.25500000000000000        0.0000000000000000     
 -0.56000000000000005       0.25500000000000000        0.0000000000000000     
 -0.56000000000000005       0.21718750122281069        0.0000000000000000     
 -0.56000000000000005       0.25500000000000000        0.0000000000000000     
 --- walls walls --- 
         282         436         437         259
           0           1           0           0
 -0.56000000000000005       0.21718750122281069        0.0000000000000000     
 -0.56000000000000005       0.17937500244562138        0.0000000000000000     
 --- walls --- --- 
         259         437         438         236
           0           1           0           0
 -0.56000000000000005       0.17937500244562138        0.0000000000000000     
 -0.56000000000000005       0.11999999816478682        0.0000000000000000     
 --- walls --- --- 
         236         438         439         213
           0           1           0           0
 -0.56000000000000005       0.11999999816478682        0.0000000000000000     
 -0.56000000000000005        7.9999997293668884E-002   0.0000000000000000     
 --- walls --- --- 
         213         439         440         186
           0           1           0           0
 -0.56000000000000005        7.9999997293668884E-002   0.0000000000000000     
 -0.56000000000000005        3.9999996090482715E-002   0.0000000000000000     
 --- walls --- --- 
         186         440         441         159
           0           1           0           0
 -0.56000000000000005        3.9999996090482715E-002   0.0000000000000000     
 -0.56000000000000005       -5.4107249791712775E-009   0.0000000000000000     
 --- walls --- --- 
         159         441         442         132
           0           1           0           0
 -0.56000000000000005       -5.4107249791712775E-009   0.0000000000000000     
 -0.56000000000000005       -4.0000006579866076E-002   0.0000000000000000     
 --- walls --- --- 
         132         442         443         105
           0           1           0           0
 -0.56000000000000005       -4.0000006579866076E-002   0.0000000000000000     
 -0.56000000000000005       -7.9999998164786812E-002   0.0000000000000000     
 --- walls --- --- 
         105         443         444          82
           0           1           0           0
 -0.56000000000000005       -7.9999998164786812E-002   0.0000000000000000     
 -0.56000000000000005      -0.11968748980464999        0.0000000000000000     
 --- walls --- --- 
          82         444         445          59
           0           1           0           0
 -0.56000000000000005      -0.11968748980464999        0.0000000000000000     
 -0.56000000000000005      -0.20582811676821555        0.0000000000000000     
 --- walls --- --- 
          59         445         446          36
           0           1           0           0
 -0.56000000000000005      -0.20582811676821555        0.0000000000000000     
 -0.56000000000000005      -0.21041405838410693        0.0000000000000000     
 --- walls --- --- 
          36         446         447         448
           0           1           1           0
 -0.56000000000000005      -0.21041405838410693        0.0000000000000000     
 -0.56000000000000005      -0.21500000000000000        0.0000000000000000     
 -0.50984374988330283      -0.21500000000000000        0.0000000000000000     
 -0.56000000000000005      -0.21500000000000000        0.0000000000000000     
 --- walls walls --- 
          36         448         449          37
           0           1           0           0
 -0.50984374988330283      -0.21500000000000000        0.0000000000000000     
 -0.45968749976660694      -0.21500000000000000        0.0000000000000000     
 --- walls --- --- 
          37         449         450          38
           0           1           0           0
 -0.45968749976660694      -0.21500000000000000        0.0000000000000000     
 -0.42000000092304424      -0.21500000000000000        0.0000000000000000     
 --- walls --- --- 
          38         450         451          39
           0           1           0           0
 -0.42000000092304424      -0.21500000000000000        0.0000000000000000     
 -0.38000000029802328      -0.21500000000000000        0.0000000000000000     
 --- walls --- --- 
          39         451         452          40
           0           1           0           0
 -0.38000000029802328      -0.21500000000000000        0.0000000000000000     
 -0.33999999181424334      -0.21500000000000000        0.0000000000000000     
 --- walls --- --- 
          40         452         453          41
           0           1           0           0
 -0.33999999181424334      -0.21500000000000000        0.0000000000000000     
 -0.29999999999999921      -0.21500000000000000        0.0000000000000000     
 --- walls --- --- 
          41         453         454          42
           0           1           0           0
 -0.29999999999999921      -0.21500000000000000        0.0000000000000000     
 -0.25999999999999862      -0.21500000000000000        0.0000000000000000     
 --- walls --- --- 
          42         454         455          43
           0           1           0           0
 -0.25999999999999862      -0.21500000000000000        0.0000000000000000     
 -0.22249999086424227      -0.21500000000000000        0.0000000000000000     
 --- walls --- --- 
          43         455         456          44
           0           1           0           0
 -0.22249999086424227      -0.21500000000000000        0.0000000000000000     
 -0.19124999543212118      -0.21500000000000000        0.0000000000000000     
 --- walls --- --- 
          44         456         457         458
           0           1           1           0
 -0.19124999543212118      -0.21500000000000000        0.0000000000000000     
 -0.16000000000000000      -0.21500000000000000        0.0000000000000000     
 -0.16000000000000000      -0.17750000225279133        0.0000000000000000     
 -0.16000000000000000      -0.21500000000000000        0.0000000000000000     
 --- walls walls --- 
          44         458         459          67
           0           1           0           0
 -0.16000000000000000      -0.17750000225279133        0.0000000000000000     
 -0.16000000000000000      -0.10000000000000001        0.0000000000000000     
 --- walls --- --- 
          67         459         113          90
           0           0           0           0
 --- --- --- --- 
         113         459         460         114
           0           1           0           0
 -0.16000000000000000      -0.10000000000000001        0.0000000000000000     
 -0.13812500075048256      -0.10000000000000001        0.0000000000000000     
 --- walls --- --- 
         114         460         461         115
           0           1           0           0
 -0.13812500075048256      -0.10000000000000001        0.0000000000000000     
 -0.11500000000000000      -0.10000000000000001        0.0000000000000000     
 --- walls --- --- 
         115         461          91         116
           0           0           0           0
 --- --- --- --- 
          91         461         462          68
           0           1           0           0
 -0.11500000000000000      -0.10000000000000001        0.0000000000000000     
 -0.11500000000000000      -0.16000000029802380        0.0000000000000000     
 --- walls --- --- 
          68         462         463          45
           0           1           0           0
 -0.11500000000000000      -0.16000000029802380        0.0000000000000000     
 -0.11500000000000000      -0.19999999970197707        0.0000000000000000     
 --- walls --- --- 
          45         463         464          31
           0           1           0           0
 -0.11500000000000000      -0.19999999970197707        0.0000000000000000     
 -0.11500000000000000      -0.24000000092304533        0.0000000000000000     
 --- walls --- --- 
          31         464         465          26
           0           1           0           0
 -0.11500000000000000      -0.24000000092304533        0.0000000000000000     
 -0.11500000000000000      -0.28000000032699857        0.0000000000000000     
 --- walls --- --- 
          26         465         466          21
           0           1           0           0
 -0.11500000000000000      -0.28000000032699857        0.0000000000000000     
 -0.11500000000000000      -0.32000000818575813        0.0000000000000000     
 --- walls --- --- 
          21         466         467          16
           0           1           0           0
 -0.11500000000000000      -0.32000000818575813        0.0000000000000000     
 -0.11500000000000000      -0.36000000000000087        0.0000000000000000     
 --- walls --- --- 
          16         467         468          11
           0           1           0           0
 -0.11500000000000000      -0.36000000000000087        0.0000000000000000     
 -0.11500000000000000      -0.40765624537184098        0.0000000000000000     
 --- walls --- --- 
          11         468         335           6
           0           1           0           0
 -0.11500000000000000      -0.40765624537184098        0.0000000000000000     
 -0.11500000000000000      -0.43531250708622193        0.0000000000000000     
 --- walls --- --- 
